MERCHANT,ACCT_STATUS_K_USD,CONTRACT_DURATION_MONTH,HISTORY,CREDIT_PROGRAM,AMOUNT_K_USD,ACCOUNT_TYPE,ACCT_AGE,STATE,PRESENT_RESIDENT,ESTABLISHED_MONTH,NUMBER_CREDITS,IS_DEFAULT
911,"NONE",36,"DELAY IN PAST","ELECTRONICS",4454,"up to 100 K USD","1 to 4 YRS","NY","4",34,2,1
916,"0 to 200 USD",48,"NONE TAKEN","OTHER",18424,"up to 100 K USD","1 to 4 YRS","PA","2 to 3 YRS",32,1,0
927,"0 USD",18,"CRITICAL ACCOUNT","FURNITURE",1049,"up to 100 K USD","up to 1 YR","NY","4",21,1,1
933,"NONE",9,"CRITICAL ACCOUNT","NEW CAR",1224,"up to 100 K USD","1 to 4 YRS","CT","1 to 2 YRS",30,2,0
959,"0 USD",28,"EXISTING CREDITS PAID BACK","NEW CAR",4006,"up to 100 K USD","1 to 4 YRS","CT","2 to 3 YRS",45,1,1
965,"0 to 200 USD",6,"EXISTING CREDITS PAID BACK","OTHER",454,"up to 100 K USD","up to 1 YR","CT","1 to 2 YRS",22,1,0
2,"0 to 200 USD",48,"EXISTING CREDITS PAID BACK","ELECTRONICS",5951,"up to 100 K USD","1 to 4 YRS","NJ","2 to 3 YRS",22,1,1
7,"NONE",24,"EXISTING CREDITS PAID BACK","FURNITURE",2835,"500 to 1000 K USD","above 7 YRS","CT","4",53,1,0
10,"0 to 200 USD",30,"CRITICAL ACCOUNT","NEW CAR",5234,"up to 100 K USD","TBD","NY","2 to 3 YRS",28,2,1
42,"0 to 200 USD",12,"EXISTING CREDITS PAID BACK","ELECTRONICS",1158,"500 to 1000 K USD","1 to 4 YRS","CT","1 to 2 YRS",26,1,0
49,"NONE",11,"CRITICAL ACCOUNT","NEW CAR",7228,"up to 100 K USD","1 to 4 YRS","PA","4",39,2,0
64,"0 to 200 USD",48,"NONE TAKEN","RETRAINING",14421,"up to 100 K USD","1 to 4 YRS","NJ","2 to 3 YRS",25,1,1
80,"0 to 200 USD",30,"EXISTING CREDITS PAID BACK","FURNITURE",3832,"up to 100 K USD","up to 1 YR","NJ","1 to 2 YRS",22,1,1
101,"NONE",24,"EXISTING CREDITS PAID BACK","NEW CAR",1469,"100 to 500 K USD","above 7 YRS","NY","4",41,1,0
120,"0 to 200 USD",12,"CRITICAL ACCOUNT","NEW CAR",2366,"500 to 1000 K USD","4 to 7 YRS","CT","above 4 YRS",36,1,0
138,"0 to 200 USD",12,"EXISTING CREDITS PAID BACK","ELECTRONICS",766,"500 to 1000 K USD","1 to 4 YRS","NY","above 4 YRS",66,1,0
141,"above 200 USD",6,"EXISTING CREDITS PAID BACK","NEW CAR",709,"above 1000 K USD","up to 1 YR","NJ","2 to 3 YRS",27,1,0
155,"0 to 200 USD",24,"DELAY IN PAST","RETRAINING",6967,"100 to 500 K USD","4 to 7 YRS","NY","4",36,1,0
240,"0 USD",30,"EXISTING CREDITS PAID BACK","ELECTRONICS",2522,"up to 100 K USD","above 7 YRS","PA","above 4 YRS",39,1,1
264,"NONE",12,"CRITICAL ACCOUNT","EDUCATION",2748,"up to 100 K USD","above 7 YRS","NJ","4",57,3,0
270,"NONE",24,"EXISTING CREDITS PAID BACK","ELECTRONICS",999,"UNKNOWN/NONE","above 7 YRS","NY","2 to 3 YRS",25,2,1
278,"0 USD",12,"EXISTING CREDITS PAID BACK","FURNITURE",1262,"UNKNOWN/NONE","above 7 YRS","NJ","4",49,1,0
303,"above 200 USD",24,"CRITICAL ACCOUNT","NEW CAR",1344,"UNKNOWN/NONE","4 to 7 YRS","NY","2 to 3 YRS",37,2,0
307,"NONE",30,"EXISTING CREDITS PAID BACK","USED CAR",4811,"UNKNOWN/NONE","4 to 7 YRS","NJ","4",24,1,0
316,"0 USD",36,"ALL CREDITS PAID BACK","FURNITURE",2746,"up to 100 K USD","above 7 YRS","NY","4",31,1,1
335,"0 USD",24,"NONE TAKEN","FURNITURE",4110,"up to 100 K USD","above 7 YRS","CT","4",23,2,1
337,"0 to 200 USD",13,"EXISTING CREDITS PAID BACK","ELECTRONICS",2101,"up to 100 K USD","up to 1 YR","NJ","4",23,1,0
340,"0 to 200 USD",10,"EXISTING CREDITS PAID BACK","FURNITURE",1521,"up to 100 K USD","1 to 4 YRS","NY","2 to 3 YRS",31,1,0
348,"0 to 200 USD",24,"EXISTING CREDITS PAID BACK","ELECTRONICS",3758,"500 to 1000 K USD","TBD","PA","4",23,1,0
361,"0 to 200 USD",18,"EXISTING CREDITS PAID BACK","EDUCATION",1239,"UNKNOWN/NONE","1 to 4 YRS","NY","4",61,1,0
368,"0 USD",18,"EXISTING CREDITS PAID BACK","FURNITURE",3650,"up to 100 K USD","up to 1 YR","PA","4",22,1,0
381,"0 USD",20,"EXISTING CREDITS PAID BACK","FURNITURE",2212,"UNKNOWN/NONE","4 to 7 YRS","NY","4",39,1,0
393,"0 USD",36,"EXISTING CREDITS PAID BACK","NEW CAR",3249,"up to 100 K USD","4 to 7 YRS","NJ","4",39,1,0
394,"0 USD",6,"CRITICAL ACCOUNT","ELECTRONICS",1957,"up to 100 K USD","4 to 7 YRS","PA","4",31,1,0
404,"NONE",14,"DELAY IN PAST","NEW CAR",802,"up to 100 K USD","1 to 4 YRS","NY","2 to 3 YRS",27,2,0
405,"0 to 200 USD",18,"DELAY IN PAST","NEW CAR",2899,"UNKNOWN/NONE","above 7 YRS","NY","4",43,1,0
443,"0 to 200 USD",20,"DELAY IN PAST","OTHER",2629,"up to 100 K USD","1 to 4 YRS","NJ","above 4 YRS",29,2,0
454,"NONE",24,"EXISTING CREDITS PAID BACK","USED CAR",2670,"up to 100 K USD","above 7 YRS","NY","4",35,1,0
455,"0 USD",24,"EXISTING CREDITS PAID BACK","NEW CAR",4817,"up to 100 K USD","4 to 7 YRS","NJ","above 4 YRS",31,1,1
462,"0 USD",15,"EXISTING CREDITS PAID BACK","NEW CAR",1721,"up to 100 K USD","up to 1 YR","NJ","above 4 YRS",36,1,0
511,"0 USD",12,"EXISTING CREDITS PAID BACK","NEW CAR",759,"up to 100 K USD","4 to 7 YRS","NY","2 to 3 YRS",26,1,1
518,"NONE",36,"CRITICAL ACCOUNT","FURNITURE",7127,"up to 100 K USD","up to 1 YR","NJ","4",23,2,1
554,"0 to 200 USD",12,"CRITICAL ACCOUNT","NEW CAR",1995,"100 to 500 K USD","up to 1 YR","NY","1 to 2 YRS",27,1,0
561,"0 USD",24,"EXISTING CREDITS PAID BACK","USED CAR",2964,"UNKNOWN/NONE","above 7 YRS","NY","4",49,1,0
575,"0 to 200 USD",9,"EXISTING CREDITS PAID BACK","ELECTRONICS",1082,"up to 100 K USD","above 7 YRS","NY","4",27,2,0
577,"0 to 200 USD",12,"EXISTING CREDITS PAID BACK","ELECTRONICS",2930,"up to 100 K USD","4 to 7 YRS","NJ","1 to 2 YRS",27,1,0
596,"0 to 200 USD",6,"ALL CREDITS PAID BACK","NEW CAR",931,"100 to 500 K USD","up to 1 YR","PA","1 to 2 YRS",32,1,1
612,"above 200 USD",10,"EXISTING CREDITS PAID BACK","NEW CAR",1240,"100 to 500 K USD","above 7 YRS","PA","4",48,1,1
616,"0 to 200 USD",48,"NONE TAKEN","RETRAINING",12204,"UNKNOWN/NONE","1 to 4 YRS","NJ","2 to 3 YRS",48,1,0
633,"0 to 200 USD",15,"EXISTING CREDITS PAID BACK","ELECTRONICS",1444,"UNKNOWN/NONE","up to 1 YR","NY","1 to 2 YRS",23,1,0
638,"NONE",60,"DELAY IN PAST","ELECTRONICS",15653,"up to 100 K USD","4 to 7 YRS","NJ","4",21,2,0
667,"0 to 200 USD",30,"ALL CREDITS PAID BACK","FURNITURE",3496,"above 1000 K USD","1 to 4 YRS","NY","2 to 3 YRS",34,1,0
695,"NONE",24,"EXISTING CREDITS PAID BACK","ELECTRONICS",2284,"up to 100 K USD","4 to 7 YRS","NY","2 to 3 YRS",28,1,0
696,"NONE",6,"EXISTING CREDITS PAID BACK","USED CAR",1236,"500 to 1000 K USD","1 to 4 YRS","NJ","4",50,1,0
711,"NONE",18,"CRITICAL ACCOUNT","ELECTRONICS",629,"500 to 1000 K USD","above 7 YRS","NY","above 4 YRS",32,2,0
731,"0 to 200 USD",24,"DELAY IN PAST","ELECTRONICS",6403,"up to 100 K USD","up to 1 YR","PA","2 to 3 YRS",33,1,0
746,"0 USD",13,"CRITICAL ACCOUNT","RETRAINING",1797,"up to 100 K USD","up to 1 YR","CT","1 to 2 YRS",28,2,0
804,"NONE",12,"CRITICAL ACCOUNT","ELECTRONICS",976,"UNKNOWN/NONE","above 7 YRS","NY","4",35,2,0
805,"0 to 200 USD",12,"EXISTING CREDITS PAID BACK","NEW CAR",7472,"UNKNOWN/NONE","TBD","PA","2 to 3 YRS",24,1,0
818,"NONE",6,"CRITICAL ACCOUNT","ELECTRONICS",1554,"up to 100 K USD","4 to 7 YRS","PA","2 to 3 YRS",24,2,0
868,"NONE",12,"CRITICAL ACCOUNT","FURNITURE",3331,"up to 100 K USD","above 7 YRS","NJ","4",42,1,0
871,"NONE",36,"DELAY IN PAST","FURNITURE",7678,"500 to 1000 K USD","4 to 7 YRS","NJ","4",40,2,0
