{
  "paragraphs": [
    {
      "text": "%md\n\u003cspan style\u003d\"color:blue;font-weight:bold\"\u003eAction Required\u003c/span\u003e\nClick the gauge (\"interpreter binding\") at the top right, drag \"spark\" to the very top of the list, to be the default interpreter for this notebook. Click \"Save\" to save the setting.",
      "user": "jpatter",
      "dateUpdated": "Oct 27, 2019 8:21:01 PM",
      "config": {
        "tableHide": false,
        "editorSetting": {
          "language": "markdown",
          "editOnDblClick": true
        },
        "colWidth": 12.0,
        "editorMode": "ace/mode/markdown",
        "editorHide": true,
        "results": {},
        "enabled": true
      },
      "settings": {
        "params": {},
        "forms": {}
      },
      "results": {
        "code": "SUCCESS",
        "msg": [
          {
            "type": "HTML",
            "data": "\u003cdiv class\u003d\"markdown-body\"\u003e\n\u003cspan style\u003d\"color:blue;font-weight:bold\"\u003eAction Required\u003c/span\u003e\n\u003cp\u003eClick the gauge (\u0026ldquo;interpreter binding\u0026rdquo;) at the top right, drag \u0026ldquo;spark\u0026rdquo; to the very top of the list, to be the default interpreter for this notebook. Click \u0026ldquo;Save\u0026rdquo; to save the setting.\u003c/p\u003e\n\u003c/div\u003e"
          }
        ]
      },
      "apps": [],
      "jobName": "paragraph_1530991825009_-608104853",
      "id": "20171229-192606_1244440967",
      "dateCreated": "Jul 7, 2018 7:30:25 PM",
      "dateStarted": "Oct 27, 2019 8:21:01 PM",
      "dateFinished": "Oct 27, 2019 8:21:07 PM",
      "status": "FINISHED",
      "progressUpdateIntervalMs": 500
    },
    {
      "text": "%md\n## Predicting Customer Churn in Telco\n\nIn this notebook you will learn how to build a predictive model with Spark machine learning API (SparkML) and deploy it for scoring in Machine Learning (ML). \n\nThis notebook walks you through these steps:\n- Build a model with SparkML API\n- Save the model in the ML repository\n- Create a Deployment in ML (via UI)\n- Test the model (via UI)\n- Test the model (via REST API)\n\n### Use Case\nThe analytics use case implemented in this notebook is telco churn. While it\u0027s a simple use case, it implements all steps from the CRISP-DM methodolody, which is the recommended best practice for implementing predictive analytics. \n\u003ccenter\u003e![CRISP-DM](https://raw.githubusercontent.com/yfphoon/dsx_demo/master/crisp_dm.png)\u003c/center\u003e\n\nThe analytics process starts with defining the business problem and identifying the data that can be used to solve the problem. For Telco churn, we use demographic and historical transaction data. We also know which customers have churned, which is the critical information for building predictive models. In the next step, we use visual APIs for data understanding and complete some data preparation tasks. In a typical analytics project data preparation will include more steps (for example, formatting data or deriving new variables). \n\nOnce the data is ready, we can build a predictive model. In our example we are using the SparkML Random Forrest classification model. Classification is a statistical technique which assigns a \"class\" to each customer record (for our use case \"churn\" or \"no churn\"). Classification models use historical data to come up with the logic to predict \"class\", this process is called model training. After the model is created, it\u0027s usually evaluated using another data set. \n\nFinally, if the model\u0027s accuracy meets the expectations, it can be deployed for scoring. Scoring is the process of applying the model to a new set of data. For example, when we receive new transactional data, we can score the customer for the risk of churn.  \n\nWe also developed a sample Python Flask application to illustrate deployment: http://predictcustomerchurn.mybluemix.net/. This application implements the REST client call to the model.",
      "user": "jpatter",
      "dateUpdated": "Oct 27, 2019 8:21:01 PM",
      "config": {
        "tableHide": false,
        "editorSetting": {
          "editOnDblClick": true,
          "language": "markdown"
        },
        "colWidth": 12.0,
        "editorMode": "ace/mode/markdown",
        "editorHide": true,
        "results": {},
        "enabled": true
      },
      "settings": {
        "params": {},
        "forms": {}
      },
      "results": {
        "code": "ERROR",
        "msg": [
          {
            "type": "TEXT",
            "data": "Error while parsing action \u0027Root/Sequence/ZeroOrMore/Sequence/Block/FirstOf/Heading/FirstOf/AtxHeading/OneOrMore/Sequence/AtxInline/Inline/FirstOf/NonLinkInline/Str/NodeSequence_Action2\u0027 at input position (line 1, pos 14):\n## Predicting Customer Churn in Telco\n             ^\n\njava.lang.ClassCastException: java.lang.Integer cannot be cast to org.pegdown.ast.AbstractNode"
          }
        ]
      },
      "apps": [],
      "jobName": "paragraph_1530991825058_-539234800",
      "id": "20171214-013817_399742302",
      "dateCreated": "Jul 7, 2018 7:30:25 PM",
      "dateStarted": "Oct 27, 2019 8:21:06 PM",
      "dateFinished": "Oct 27, 2019 8:21:07 PM",
      "status": "ERROR",
      "progressUpdateIntervalMs": 500
    },
    {
      "text": "%md\n### Step 1: Load Data",
      "user": "jpatter",
      "dateUpdated": "Oct 27, 2019 8:21:05 PM",
      "config": {
        "lineNumbers": false,
        "tableHide": false,
        "editorSetting": {
          "editOnDblClick": true,
          "language": "markdown"
        },
        "colWidth": 12.0,
        "editorMode": "ace/mode/markdown",
        "editorHide": true,
        "results": {},
        "enabled": true
      },
      "settings": {
        "params": {},
        "forms": {}
      },
      "results": {
        "code": "ERROR",
        "msg": [
          {
            "type": "TEXT",
            "data": "Error while parsing action \u0027Root/Sequence/ZeroOrMore/Sequence/Block/FirstOf/Heading/FirstOf/AtxHeading/OneOrMore/Sequence/AtxInline/Inline/FirstOf/NonLinkInline/Str/NodeSequence_Action2\u0027 at input position (line 1, pos 9):\n### Step 1: Load Data\n        ^\n\njava.lang.ClassCastException: java.lang.Integer cannot be cast to org.pegdown.ast.AbstractNode"
          }
        ]
      },
      "apps": [],
      "jobName": "paragraph_1530991825059_-539619549",
      "id": "20171216-051104_1077485435",
      "dateCreated": "Jul 7, 2018 7:30:25 PM",
      "dateStarted": "Oct 27, 2019 8:21:07 PM",
      "dateFinished": "Oct 27, 2019 8:21:07 PM",
      "status": "ERROR",
      "progressUpdateIntervalMs": 500
    },
    {
      "title": "",
      "text": "%spark.pyspark\r\n\r\nfrom pyspark.sql import SparkSession\r\n# Add asset from file system\r\nspark \u003d SparkSession.builder.getOrCreate()\r\ncustomer \u003d spark.read.csv(\u0027./datasets/customer.csv\u0027, header\u003d\u0027true\u0027, inferSchema \u003d \u0027true\u0027)\r\ncustomer.show(5)\r\n",
      "user": "jpatter",
      "dateUpdated": "Oct 27, 2019 8:21:05 PM",
      "config": {
        "lineNumbers": true,
        "tableHide": false,
        "editorSetting": {
          "editOnDblClick": false,
          "language": "python"
        },
        "colWidth": 12.0,
        "editorMode": "ace/mode/python",
        "editorHide": false,
        "results": {},
        "enabled": true
      },
      "settings": {
        "params": {},
        "forms": {}
      },
      "results": {
        "code": "SUCCESS",
        "msg": [
          {
            "type": "TEXT",
            "data": "+---+------+------+--------+----------+---------+---------+------------+-------------+------+-------+---------+-------------+--------------------+------+--------+\n| ID|Gender|Status|Children|Est Income|Car Owner|      Age|LongDistance|International| Local|Dropped|Paymethod|LocalBilltype|LongDistanceBilltype| Usage|RatePlan|\n+---+------+------+--------+----------+---------+---------+------------+-------------+------+-------+---------+-------------+--------------------+------+--------+\n|  1|     F|     S|     1.0|   38000.0|        N|24.393333|       23.56|          0.0|206.08|    0.0|       CC|       Budget|      Intnl_discount|229.64|     3.0|\n|  6|     M|     M|     2.0|   29616.0|        N|49.426667|       29.78|          0.0|  45.5|    0.0|       CH|    FreeLocal|            Standard| 75.29|     2.0|\n|  8|     M|     M|     0.0|   19732.8|        N|50.673333|       24.81|          0.0| 22.44|    0.0|       CC|    FreeLocal|            Standard| 47.25|     3.0|\n| 11|     M|     S|     2.0|     96.33|        N|56.473333|       26.13|          0.0| 32.88|    1.0|       CC|       Budget|            Standard| 59.01|     1.0|\n| 14|     F|     M|     2.0|   52004.8|        N|    25.14|        5.03|          0.0| 23.11|    0.0|       CH|       Budget|      Intnl_discount| 28.14|     1.0|\n+---+------+------+--------+----------+---------+---------+------------+-------------+------+-------+---------+-------------+--------------------+------+--------+\nonly showing top 5 rows\n\n"
          }
        ]
      },
      "apps": [],
      "jobName": "paragraph_1530991825059_-539619549",
      "id": "20171213-233843_297327902",
      "dateCreated": "Jul 7, 2018 7:30:25 PM",
      "dateStarted": "Oct 27, 2019 8:21:05 PM",
      "dateFinished": "Oct 27, 2019 8:21:51 PM",
      "status": "FINISHED",
      "progressUpdateIntervalMs": 500
    },
    {
      "title": "",
      "text": "%spark.pyspark\r\n\r\nfrom pyspark.sql import SparkSession\r\n# Add asset from file system\r\nspark \u003d SparkSession.builder.getOrCreate()\r\nchurn \u003d spark.read.csv(\u0027./datasets/churn.csv\u0027, header\u003d\u0027true\u0027, inferSchema \u003d \u0027true\u0027)\r\nchurn.show(5)\r\n",
      "user": "jpatter",
      "dateUpdated": "Oct 27, 2019 8:21:05 PM",
      "config": {
        "tableHide": false,
        "editorSetting": {
          "editOnDblClick": false,
          "language": "python"
        },
        "colWidth": 12.0,
        "editorMode": "ace/mode/python",
        "editorHide": false,
        "results": {},
        "enabled": true
      },
      "settings": {
        "params": {},
        "forms": {}
      },
      "results": {
        "code": "SUCCESS",
        "msg": [
          {
            "type": "TEXT",
            "data": "+---+-----+\n| ID|CHURN|\n+---+-----+\n|  1|    T|\n|  6|    F|\n|  8|    F|\n| 11|    F|\n| 14|    F|\n+---+-----+\nonly showing top 5 rows\n\n"
          }
        ]
      },
      "apps": [],
      "jobName": "paragraph_1530991825059_-539619549",
      "id": "20171213-234011_1877573928",
      "dateCreated": "Jul 7, 2018 7:30:25 PM",
      "dateStarted": "Oct 27, 2019 8:21:08 PM",
      "dateFinished": "Oct 27, 2019 8:21:51 PM",
      "status": "FINISHED",
      "progressUpdateIntervalMs": 500
    },
    {
      "text": "%md\n### Step 2: Merge Files",
      "user": "jpatter",
      "dateUpdated": "Oct 27, 2019 8:21:08 PM",
      "config": {
        "tableHide": false,
        "editorSetting": {
          "editOnDblClick": true,
          "language": "markdown"
        },
        "colWidth": 12.0,
        "editorMode": "ace/mode/markdown",
        "editorHide": true,
        "results": {},
        "enabled": true
      },
      "settings": {
        "params": {},
        "forms": {}
      },
      "results": {
        "code": "SUCCESS",
        "msg": [
          {
            "type": "HTML",
            "data": "\u003cdiv class\u003d\"markdown-body\"\u003e\n\u003ch3\u003eStep 2: Merge Files\u003c/h3\u003e\n\u003c/div\u003e"
          }
        ]
      },
      "apps": [],
      "jobName": "paragraph_1530991825059_-539619549",
      "id": "20171216-051502_1142500346",
      "dateCreated": "Jul 7, 2018 7:30:25 PM",
      "dateStarted": "Oct 27, 2019 8:21:08 PM",
      "dateFinished": "Oct 27, 2019 8:21:08 PM",
      "status": "FINISHED",
      "progressUpdateIntervalMs": 500
    },
    {
      "text": "%spark.pyspark\ndata\u003dcustomer.join(churn,customer[\u0027ID\u0027]\u003d\u003dchurn[\u0027ID\u0027]).select(customer[\u0027*\u0027],churn[\u0027CHURN\u0027])",
      "user": "jpatter",
      "dateUpdated": "Oct 27, 2019 8:21:08 PM",
      "config": {
        "tableHide": false,
        "editorSetting": {
          "editOnDblClick": false,
          "language": "python"
        },
        "colWidth": 12.0,
        "editorMode": "ace/mode/python",
        "editorHide": false,
        "results": {},
        "enabled": true
      },
      "settings": {
        "params": {},
        "forms": {}
      },
      "results": {
        "code": "SUCCESS",
        "msg": []
      },
      "apps": [],
      "jobName": "paragraph_1530991825060_-541543293",
      "id": "20171213-234124_465356593",
      "dateCreated": "Jul 7, 2018 7:30:25 PM",
      "dateStarted": "Oct 27, 2019 8:21:51 PM",
      "dateFinished": "Oct 27, 2019 8:21:52 PM",
      "status": "FINISHED",
      "progressUpdateIntervalMs": 500
    },
    {
      "text": "%md\n### Step 3: Rename some columns",
      "user": "jpatter",
      "dateUpdated": "Oct 27, 2019 8:21:08 PM",
      "config": {
        "tableHide": false,
        "editorSetting": {
          "editOnDblClick": true,
          "language": "markdown"
        },
        "colWidth": 12.0,
        "editorMode": "ace/mode/markdown",
        "editorHide": true,
        "results": {},
        "enabled": true
      },
      "settings": {
        "params": {},
        "forms": {}
      },
      "results": {
        "code": "SUCCESS",
        "msg": [
          {
            "type": "HTML",
            "data": "\u003cdiv class\u003d\"markdown-body\"\u003e\n\u003ch3\u003eStep 3: Rename some columns\u003c/h3\u003e\n\u003c/div\u003e"
          }
        ]
      },
      "apps": [],
      "jobName": "paragraph_1530991825060_-541543293",
      "id": "20171216-051917_957183692",
      "dateCreated": "Jul 7, 2018 7:30:25 PM",
      "dateStarted": "Oct 27, 2019 8:21:08 PM",
      "dateFinished": "Oct 27, 2019 8:21:08 PM",
      "status": "FINISHED",
      "progressUpdateIntervalMs": 500
    },
    {
      "text": "%spark.pyspark\ndata \u003d data.withColumnRenamed(\"Est Income\", \"EstIncome\").withColumnRenamed(\"Car Owner\",\"CarOwner\")\ndata.show()",
      "user": "jpatter",
      "dateUpdated": "Oct 27, 2019 8:21:08 PM",
      "config": {
        "tableHide": false,
        "editorSetting": {
          "editOnDblClick": false,
          "language": "python"
        },
        "colWidth": 12.0,
        "editorMode": "ace/mode/python",
        "editorHide": false,
        "results": {},
        "enabled": true
      },
      "settings": {
        "params": {},
        "forms": {}
      },
      "results": {
        "code": "SUCCESS",
        "msg": [
          {
            "type": "TEXT",
            "data": "+---+------+------+--------+---------+--------+---------+------------+-------------+------+-------+---------+-------------+--------------------+------+--------+-----+\n| ID|Gender|Status|Children|EstIncome|CarOwner|      Age|LongDistance|International| Local|Dropped|Paymethod|LocalBilltype|LongDistanceBilltype| Usage|RatePlan|CHURN|\n+---+------+------+--------+---------+--------+---------+------------+-------------+------+-------+---------+-------------+--------------------+------+--------+-----+\n|  1|     F|     S|     1.0|  38000.0|       N|24.393333|       23.56|          0.0|206.08|    0.0|       CC|       Budget|      Intnl_discount|229.64|     3.0|    T|\n|  6|     M|     M|     2.0|  29616.0|       N|49.426667|       29.78|          0.0|  45.5|    0.0|       CH|    FreeLocal|            Standard| 75.29|     2.0|    F|\n|  8|     M|     M|     0.0|  19732.8|       N|50.673333|       24.81|          0.0| 22.44|    0.0|       CC|    FreeLocal|            Standard| 47.25|     3.0|    F|\n| 11|     M|     S|     2.0|    96.33|       N|56.473333|       26.13|          0.0| 32.88|    1.0|       CC|       Budget|            Standard| 59.01|     1.0|    F|\n| 14|     F|     M|     2.0|  52004.8|       N|    25.14|        5.03|          0.0| 23.11|    0.0|       CH|       Budget|      Intnl_discount| 28.14|     1.0|    F|\n| 17|     M|     M|     2.0|  53010.8|       N|    18.84|       12.45|          0.0| 46.42|    4.0|       CC|    FreeLocal|            Standard| 58.87|     1.0|    F|\n| 18|     M|     M|     1.0|  75004.5|       N|     64.8|       26.52|          0.0| 32.19|    0.0|       CC|       Budget|      Intnl_discount| 58.72|     1.0|    F|\n| 21|     M|     M|     0.0|  19749.3|       N|60.366667|       20.22|          0.0| 13.94|    0.0|       CC|       Budget|            Standard| 34.17|     3.0|    F|\n| 22|     M|     S|     1.0|  57626.9|       Y|43.906667|        9.38|          0.0| 38.96|    0.0|       CC|       Budget|            Standard| 48.35|     2.0|    F|\n| 23|     M|     M|     2.0|  20078.0|       N|32.846667|        9.65|          0.0|  6.33|    0.0|       CC|       Budget|      Intnl_discount| 15.98|     4.0|    F|\n| 24|     F|     M|     2.0|  47902.0|       N|26.033333|       17.44|         4.94| 49.92|    1.0|     Auto|    FreeLocal|            Standard| 72.31|     2.0|    F|\n| 29|     M|     M|     1.0|  7545.96|       Y|16.753333|       22.39|          0.0|178.36|    0.0|       CC|       Budget|            Standard|200.75|     3.0|    T|\n| 35|     F|     S|     0.0|  78851.3|       N|48.373333|        0.37|          0.0| 28.66|    0.0|       CC|    FreeLocal|            Standard| 29.04|     4.0|    T|\n| 36|     F|     S|     1.0|  17540.7|       Y|62.786667|       22.17|         0.57| 13.45|    0.0|     Auto|       Budget|            Standard|  36.2|     4.0|    T|\n| 37|     F|     M|     0.0|  83891.9|       Y|    61.02|       28.92|          0.0| 45.47|    0.0|       CH|       Budget|            Standard|  74.4|     4.0|    T|\n| 38|     F|     M|     2.0|  28220.8|       N|38.766667|       26.49|          0.0| 12.46|    0.0|       CC|    FreeLocal|            Standard| 38.95|     4.0|    T|\n| 40|     F|     S|     0.0|  28589.1|       N|     15.6|       13.19|          0.0| 87.09|    0.0|       CC|    FreeLocal|            Standard|100.28|     4.0|    T|\n| 42|     F|     M|     2.0|  5237.63|       N|48.753333|       13.32|         8.05| 56.64|    0.0|       CC|       Budget|            Standard| 78.02|     2.0|    F|\n| 45|     M|     S|     2.0|  89459.9|       N|    53.28|       11.54|         1.61|  22.9|    0.0|       CC|    FreeLocal|            Standard| 36.05|     2.0|    T|\n| 48|     F|     S|     1.0|  13576.5|       N|39.426667|       14.83|          0.0| 25.66|    0.0|       CC|       Budget|            Standard| 40.49|     1.0|    T|\n+---+------+------+--------+---------+--------+---------+------------+-------------+------+-------+---------+-------------+--------------------+------+--------+-----+\nonly showing top 20 rows\n\n"
          }
        ]
      },
      "apps": [],
      "jobName": "paragraph_1530991825060_-541543293",
      "id": "20171213-234201_535748231",
      "dateCreated": "Jul 7, 2018 7:30:25 PM",
      "dateStarted": "Oct 27, 2019 8:21:51 PM",
      "dateFinished": "Oct 27, 2019 8:21:53 PM",
      "status": "FINISHED",
      "progressUpdateIntervalMs": 500
    },
    {
      "text": "%md\n\n### Step 4: Data Understanding\n\nZeppelin has a built-in query and visualization tool for querying Spark SQL tables. Use the %sql interpreter",
      "user": "jpatter",
      "dateUpdated": "Oct 27, 2019 8:21:08 PM",
      "config": {
        "tableHide": false,
        "editorSetting": {
          "editOnDblClick": true,
          "language": "markdown"
        },
        "colWidth": 12.0,
        "editorMode": "ace/mode/markdown",
        "editorHide": true,
        "results": {},
        "enabled": true
      },
      "settings": {
        "params": {},
        "forms": {}
      },
      "results": {
        "code": "SUCCESS",
        "msg": [
          {
            "type": "HTML",
            "data": "\u003cdiv class\u003d\"markdown-body\"\u003e\n\u003ch3\u003eStep 4: Data Understanding\u003c/h3\u003e\n\u003cp\u003eZeppelin has a built-in query and visualization tool for querying Spark SQL tables. Use the %sql interpreter\u003c/p\u003e\n\u003c/div\u003e"
          }
        ]
      },
      "apps": [],
      "jobName": "paragraph_1530991825061_-541928042",
      "id": "20171214-012032_443123673",
      "dateCreated": "Jul 7, 2018 7:30:25 PM",
      "dateStarted": "Oct 27, 2019 8:21:08 PM",
      "dateFinished": "Oct 27, 2019 8:21:08 PM",
      "status": "FINISHED",
      "progressUpdateIntervalMs": 500
    },
    {
      "text": "%spark.pyspark\ndata.createOrReplaceTempView(\"data\")",
      "user": "jpatter",
      "dateUpdated": "Oct 27, 2019 8:21:08 PM",
      "config": {
        "tableHide": false,
        "editorSetting": {
          "editOnDblClick": false,
          "language": "python"
        },
        "colWidth": 12.0,
        "editorMode": "ace/mode/python",
        "results": {},
        "enabled": true
      },
      "settings": {
        "params": {},
        "forms": {}
      },
      "results": {
        "code": "SUCCESS",
        "msg": []
      },
      "apps": [],
      "jobName": "paragraph_1530991825061_-541928042",
      "id": "20171217-224554_1687836948",
      "dateCreated": "Jul 7, 2018 7:30:25 PM",
      "dateStarted": "Oct 27, 2019 8:21:52 PM",
      "dateFinished": "Oct 27, 2019 8:21:54 PM",
      "status": "FINISHED",
      "progressUpdateIntervalMs": 500
    },
    {
      "text": "%sql\nselect CHURN, LocalBilltype, avg(EstIncome) from data GROUP BY CHURN, LocalBillType ",
      "user": "jpatter",
      "dateUpdated": "Oct 27, 2019 8:21:09 PM",
      "config": {
        "tableHide": false,
        "editorSetting": {
          "editOnDblClick": false,
          "language": "sql"
        },
        "colWidth": 6.0,
        "editorMode": "ace/mode/sql",
        "results": {
          "0": {
            "graph": {
              "mode": "multiBarChart",
              "height": 302.0,
              "optionOpen": false,
              "setting": {
                "multiBarChart": {
                  "stacked": true
                }
              },
              "commonSetting": {},
              "keys": [
                {
                  "name": "CHURN",
                  "index": 0.0,
                  "aggr": "sum"
                }
              ],
              "groups": [
                {
                  "name": "LocalBilltype",
                  "index": 1.0,
                  "aggr": "sum"
                }
              ],
              "values": [
                {
                  "name": "avg(EstIncome)",
                  "index": 2.0,
                  "aggr": "sum"
                }
              ]
            },
            "helium": {}
          }
        },
        "enabled": true
      },
      "settings": {
        "params": {},
        "forms": {}
      },
      "results": {
        "code": "SUCCESS",
        "msg": [
          {
            "type": "TABLE",
            "data": "CHURN\tLocalBilltype\tavg(EstIncome)\nT\tBudget\t43007.05656455148\nF\tFreeLocal\t59767.03508992814\nF\tBudget\t52133.77254110615\nT\tFreeLocal\t48609.06091145831\n"
          }
        ]
      },
      "apps": [],
      "jobName": "paragraph_1530991825061_-541928042",
      "id": "20171217-224927_406860466",
      "dateCreated": "Jul 7, 2018 7:30:25 PM",
      "dateStarted": "Oct 27, 2019 8:21:53 PM",
      "dateFinished": "Oct 27, 2019 8:21:57 PM",
      "status": "FINISHED",
      "progressUpdateIntervalMs": 500
    },
    {
      "text": "%sql\nselect Paymethod, count(1) value from data Group By Paymethod\n",
      "user": "jpatter",
      "dateUpdated": "Oct 27, 2019 8:21:09 PM",
      "config": {
        "tableHide": false,
        "editorSetting": {
          "language": "sql",
          "editOnDblClick": false
        },
        "colWidth": 6.0,
        "editorMode": "ace/mode/sql",
        "results": {
          "0": {
            "graph": {
              "mode": "pieChart",
              "height": 300.0,
              "optionOpen": false
            },
            "helium": {}
          }
        },
        "enabled": true
      },
      "settings": {
        "params": {},
        "forms": {}
      },
      "results": {
        "code": "SUCCESS",
        "msg": [
          {
            "type": "TABLE",
            "data": "Paymethod\tvalue\nAuto\t452\nCC\t1237\nCH\t377\n"
          }
        ]
      },
      "apps": [],
      "jobName": "paragraph_1530991825061_-541928042",
      "id": "20171228-203915_74519789",
      "dateCreated": "Jul 7, 2018 7:30:25 PM",
      "dateStarted": "Oct 27, 2019 8:21:54 PM",
      "dateFinished": "Oct 27, 2019 8:21:58 PM",
      "status": "FINISHED",
      "progressUpdateIntervalMs": 500
    },
    {
      "text": "%sql\nselect Age, count(1) value from data where Age\u003c${maxAge\u003d50} group by Age order by Age",
      "user": "jpatter",
      "dateUpdated": "Oct 27, 2019 8:21:09 PM",
      "config": {
        "tableHide": false,
        "editorSetting": {
          "language": "sql",
          "editOnDblClick": false
        },
        "colWidth": 6.0,
        "editorMode": "ace/mode/sql",
        "results": {
          "0": {
            "graph": {
              "mode": "multiBarChart",
              "height": 300.0,
              "optionOpen": false,
              "setting": {
                "multiBarChart": {}
              },
              "commonSetting": {},
              "keys": [
                {
                  "name": "Age",
                  "index": 0.0,
                  "aggr": "sum"
                }
              ],
              "groups": [],
              "values": [
                {
                  "name": "value",
                  "index": 1.0,
                  "aggr": "sum"
                }
              ]
            },
            "helium": {}
          }
        },
        "enabled": true
      },
      "settings": {
        "params": {
          "maxAge": "50"
        },
        "forms": {
          "maxAge": {
            "name": "maxAge",
            "defaultValue": "50",
            "hidden": false
          }
        }
      },
      "results": {
        "code": "SUCCESS",
        "msg": [
          {
            "type": "TABLE",
            "data": "Age\tvalue\n12.326667\t4\n12.34\t4\n12.68\t2\n12.846667\t8\n13.86\t11\n13.906667\t11\n14.04\t4\n14.193333\t4\n14.3\t2\n14.46\t5\n14.573333\t11\n14.64\t2\n14.693333\t4\n15.38\t11\n15.6\t5\n15.846667\t3\n16.06\t4\n16.073333\t4\n16.333333\t4\n16.7\t11\n16.753333\t12\n17.006667\t15\n17.86\t2\n18.0\t2\n18.766667\t12\n18.84\t12\n18.94\t4\n19.0\t6\n19.066667\t1\n19.193333\t1\n19.306667\t4\n19.76\t5\n20.0\t9\n20.16\t4\n20.3\t11\n20.893333\t2\n20.92\t11\n21.0\t10\n21.38\t3\n21.64\t11\n21.78\t12\n22.0\t14\n22.12\t12\n22.226667\t11\n22.433333\t4\n22.76\t11\n22.88\t11\n23.0\t14\n23.313333\t3\n24.0\t18\n24.393333\t12\n24.546667\t5\n25.0\t1\n25.033333\t11\n25.14\t5\n25.44\t8\n26.026667\t11\n26.033333\t12\n26.26\t4\n26.273333\t11\n26.833333\t11\n26.98\t2\n27.0\t1\n27.26\t5\n27.646667\t1\n27.746667\t4\n27.886667\t1\n28.0\t4\n28.333333\t3\n28.42\t4\n29.026667\t9\n29.446667\t11\n30.0\t4\n30.053333\t1\n30.093333\t11\n30.18\t4\n30.886667\t11\n30.946667\t4\n31.126667\t11\n31.913333\t4\n32.0\t4\n32.02\t1\n32.846667\t12\n33.0\t8\n33.493333\t15\n33.533333\t4\n33.6\t4\n33.74\t5\n33.866667\t2\n34.0\t1\n34.266667\t2\n34.32\t11\n34.4\t4\n34.706667\t4\n34.946667\t4\n35.346667\t2\n35.653333\t11\n35.706667\t4\n36.253333\t1\n36.68\t4\n36.92\t4\n37.293333\t2\n38.0\t4\n38.04\t11\n38.133333\t1\n38.193333\t4\n38.26\t4\n38.413333\t2\n38.733333\t3\n38.766667\t5\n39.0\t4\n39.093333\t2\n39.213333\t11\n39.426667\t11\n39.553333\t1\n39.746667\t4\n39.786667\t4\n39.96\t4\n40.18\t6\n40.313333\t11\n40.46\t4\n40.96\t11\n41.0\t20\n41.226667\t11\n41.666667\t16\n41.913333\t11\n41.92\t11\n41.98\t11\n42.0\t22\n42.14\t4\n42.166667\t4\n42.233333\t4\n42.346667\t4\n42.393333\t4\n42.626667\t4\n42.666667\t4\n43.0\t34\n43.906667\t12\n44.0\t4\n44.026667\t11\n44.093333\t4\n44.433333\t4\n44.573333\t11\n44.926667\t11\n44.98\t11\n45.0\t3\n45.04\t2\n45.36\t11\n45.486667\t6\n45.513333\t11\n45.526667\t11\n45.653333\t2\n45.666667\t4\n45.673333\t9\n45.92\t16\n46.0\t34\n46.146667\t4\n46.38\t4\n46.506667\t4\n46.826667\t2\n46.84\t11\n47.0\t18\n47.02\t4\n47.853333\t11\n47.966667\t11\n47.98\t1\n48.0\t22\n48.206667\t11\n48.246667\t11\n48.373333\t7\n48.533333\t11\n48.753333\t4\n48.853333\t4\n49.0\t3\n49.046667\t11\n49.12\t4\n49.133333\t4\n49.266667\t6\n49.333333\t4\n49.426667\t5\n49.62\t4\n49.66\t4\n49.986667\t11\n"
          }
        ]
      },
      "apps": [],
      "jobName": "paragraph_1530991825062_-540773795",
      "id": "20171228-193329_353627505",
      "dateCreated": "Jul 7, 2018 7:30:25 PM",
      "dateStarted": "Oct 27, 2019 8:21:58 PM",
      "dateFinished": "Oct 27, 2019 8:22:00 PM",
      "status": "FINISHED",
      "progressUpdateIntervalMs": 500
    },
    {
      "text": "%sql\nselect Age, count(1) value from data where Paymethod\u003d\"${Paymethod\u003dAuto,Auto|CC|CH}\" group by Age order by Age",
      "user": "jpatter",
      "dateUpdated": "Oct 27, 2019 8:21:09 PM",
      "config": {
        "tableHide": false,
        "editorSetting": {
          "language": "sql",
          "editOnDblClick": false
        },
        "colWidth": 6.0,
        "editorMode": "ace/mode/sql",
        "runOnSelectionChange": true,
        "results": {
          "0": {
            "graph": {
              "mode": "multiBarChart",
              "height": 300.0,
              "optionOpen": false
            },
            "helium": {}
          }
        },
        "enabled": true
      },
      "settings": {
        "params": {
          "Paymethod": "CC"
        },
        "forms": {
          "Paymethod": {
            "name": "Paymethod",
            "defaultValue": "Auto",
            "options": [
              {
                "value": "Auto"
              },
              {
                "value": "CC"
              },
              {
                "value": "CH"
              }
            ],
            "hidden": false
          }
        }
      },
      "results": {
        "code": "SUCCESS",
        "msg": [
          {
            "type": "TABLE",
            "data": "Age\tvalue\n12.326667\t4\n12.846667\t8\n13.86\t11\n13.906667\t11\n14.04\t4\n14.193333\t4\n14.3\t2\n14.573333\t11\n14.64\t2\n15.38\t11\n15.6\t5\n15.846667\t3\n16.06\t4\n16.753333\t12\n17.006667\t15\n17.86\t2\n18.0\t2\n18.766667\t12\n18.84\t12\n19.0\t6\n19.066667\t1\n19.193333\t1\n19.306667\t4\n19.76\t5\n20.0\t2\n20.3\t11\n20.893333\t2\n21.0\t9\n21.38\t3\n21.78\t12\n22.0\t6\n22.12\t12\n22.226667\t11\n22.76\t11\n23.0\t8\n24.0\t13\n24.393333\t12\n24.546667\t5\n25.0\t1\n25.033333\t11\n25.44\t8\n26.26\t4\n26.273333\t11\n27.0\t1\n27.26\t5\n27.746667\t4\n27.886667\t1\n28.0\t2\n28.333333\t3\n29.026667\t4\n30.0\t3\n30.093333\t11\n30.18\t4\n30.946667\t4\n31.126667\t11\n32.0\t3\n32.02\t1\n32.846667\t12\n33.0\t7\n33.493333\t4\n33.6\t4\n34.266667\t2\n34.32\t11\n34.4\t4\n34.706667\t4\n34.946667\t4\n35.653333\t11\n35.706667\t4\n36.253333\t1\n36.92\t4\n38.0\t3\n38.04\t11\n38.133333\t1\n38.193333\t4\n38.413333\t2\n38.733333\t3\n38.766667\t5\n39.0\t3\n39.426667\t11\n39.553333\t1\n39.786667\t4\n40.18\t4\n41.0\t11\n41.92\t11\n41.98\t11\n42.0\t9\n42.166667\t4\n42.233333\t4\n42.346667\t4\n42.626667\t4\n42.666667\t4\n43.0\t16\n43.906667\t12\n44.093333\t4\n44.573333\t11\n44.926667\t11\n44.98\t11\n45.04\t2\n45.36\t11\n45.486667\t2\n45.513333\t11\n45.653333\t1\n45.666667\t4\n45.673333\t9\n46.0\t19\n46.38\t4\n46.506667\t4\n46.826667\t2\n46.84\t11\n47.0\t8\n47.02\t4\n47.853333\t11\n47.98\t1\n48.0\t10\n48.206667\t11\n48.373333\t7\n48.753333\t4\n49.0\t1\n49.046667\t11\n49.12\t4\n49.333333\t4\n49.62\t4\n49.66\t4\n49.986667\t11\n50.6\t2\n50.613333\t4\n50.673333\t5\n50.88\t4\n51.38\t4\n51.52\t11\n52.0\t11\n52.153333\t4\n52.166667\t4\n52.266667\t3\n52.626667\t4\n52.646667\t11\n53.013333\t4\n53.06\t4\n53.12\t14\n53.213333\t6\n53.253333\t11\n53.28\t12\n53.366667\t11\n53.553333\t4\n53.693333\t9\n53.986667\t4\n54.013333\t11\n54.553333\t8\n54.96\t9\n55.0\t8\n55.073333\t1\n55.113333\t5\n55.34\t12\n55.64\t11\n55.66\t5\n56.046667\t12\n56.193333\t1\n56.473333\t5\n57.0\t1\n57.406667\t4\n57.42\t2\n57.546667\t11\n57.553333\t5\n57.62\t7\n57.66\t1\n58.28\t4\n58.54\t2\n59.0\t2\n59.073333\t1\n59.126667\t12\n59.833333\t4\n60.0\t3\n60.226667\t2\n60.366667\t12\n60.593333\t6\n60.746667\t11\n61.0\t12\n61.106667\t4\n61.693333\t11\n62.0\t7\n62.053333\t4\n62.08\t4\n62.426667\t4\n62.753333\t12\n63.173333\t11\n63.353333\t2\n63.653333\t4\n63.786667\t4\n63.933333\t11\n64.226667\t1\n64.606667\t3\n64.76\t4\n64.8\t12\n64.92\t4\n65.0\t2\n67.0\t1\n70.0\t8\n77.0\t1\n"
          }
        ]
      },
      "apps": [],
      "jobName": "paragraph_1530991825062_-540773795",
      "id": "20171228-195511_799205977",
      "dateCreated": "Jul 7, 2018 7:30:25 PM",
      "dateStarted": "Oct 27, 2019 8:21:59 PM",
      "dateFinished": "Oct 27, 2019 8:22:01 PM",
      "status": "FINISHED",
      "progressUpdateIntervalMs": 500
    },
    {
      "title": "Interact with the graph by dragging \"Paymethod\" into the \"group\" box",
      "text": "%sql\nselect LongDistance, Usage, Paymethod from data\n",
      "user": "jpatter",
      "dateUpdated": "Oct 27, 2019 8:21:09 PM",
      "config": {
        "tableHide": false,
        "editorSetting": {
          "language": "sql",
          "editOnDblClick": false
        },
        "colWidth": 12.0,
        "editorMode": "ace/mode/sql",
        "title": true,
        "results": {
          "0": {
            "graph": {
              "mode": "scatterChart",
              "height": 300.0,
              "optionOpen": true,
              "setting": {
                "scatterChart": {
                  "xAxis": {
                    "name": "LongDistance",
                    "index": 0.0,
                    "aggr": "sum"
                  },
                  "yAxis": {
                    "name": "Usage",
                    "index": 1.0,
                    "aggr": "sum"
                  }
                }
              }
            },
            "helium": {}
          }
        },
        "enabled": true
      },
      "settings": {
        "params": {},
        "forms": {}
      },
      "results": {
        "code": "SUCCESS",
        "msg": [
          {
            "type": "TABLE",
            "data": "LongDistance\tUsage\tPaymethod\n23.56\t229.64\tCC\n29.78\t75.29\tCH\n24.81\t47.25\tCC\n26.13\t59.01\tCC\n5.03\t28.14\tCH\n12.45\t58.87\tCC\n26.52\t58.72\tCC\n20.22\t34.17\tCC\n9.38\t48.35\tCC\n9.65\t15.98\tCC\n17.44\t72.31\tAuto\n22.39\t200.75\tCC\n0.37\t29.04\tCC\n22.17\t36.2\tAuto\n28.92\t74.4\tCH\n26.49\t38.95\tCC\n13.19\t100.28\tCC\n13.32\t78.02\tCC\n11.54\t36.05\tCC\n14.83\t40.49\tCC\n4.79\t96.33\tCC\n16.79\t98.1\tCH\n3.28\t15.02\tCC\n11.05\t61.9\tCC\n21.37\t314.62\tCH\n0.0\t2.97\tCC\n12.37\t175.78\tCC\n0.0\t1.34\tCC\n18.31\t77.91\tCC\n20.45\t59.78\tCH\n26.91\t35.96\tAuto\n28.82\t47.1\tCC\n23.76\t73.81\tAuto\n9.57\t125.6\tAuto\n18.66\t39.0\tCH\n20.97\t43.13\tCC\n11.7\t58.87\tAuto\n14.22\t33.47\tCH\n18.85\t50.63\tAuto\n16.8\t72.89\tCC\n24.77\t44.85\tCH\n15.59\t39.79\tCH\n8.21\t63.51\tCC\n2.91\t28.98\tCC\n11.64\t86.61\tAuto\n16.21\t142.37\tCC\n24.7\t97.74\tCH\n9.37\t21.3\tCC\n20.53\t62.42\tCC\n22.86\t47.66\tCC\n1.9\t27.86\tCC\n29.44\t143.5\tCC\n22.38\t62.87\tAuto\n16.04\t32.13\tCC\n1.0\t14.95\tCC\n25.53\t206.46\tCC\n27.97\t86.06\tAuto\n22.79\t43.06\tCC\n29.86\t82.08\tAuto\n27.72\t85.64\tCC\n3.04\t47.99\tCC\n22.15\t57.07\tAuto\n0.0\t3.2\tCC\n20.59\t134.97\tAuto\n0.0\t0.79\tAuto\n15.54\t29.25\tCC\n2.0\t13.82\tCC\n22.66\t49.86\tCH\n28.52\t190.06\tCC\n6.11\t64.2\tCC\n26.99\t40.0\tCC\n11.63\t137.0\tAuto\n11.55\t26.72\tCC\n22.47\t50.58\tAuto\n2.01\t152.76\tAuto\n13.05\t51.41\tCH\n29.92\t38.72\tCH\n0.68\t14.98\tCC\n27.42\t51.14\tCC\n11.96\t37.55\tCC\n16.01\t26.37\tCC\n23.23\t103.88\tAuto\n10.36\t67.61\tCC\n29.43\t40.06\tCC\n9.84\t72.29\tCH\n29.41\t361.88\tCC\n11.72\t40.59\tCC\n11.91\t107.02\tAuto\n21.81\t51.09\tCC\n23.28\t191.32\tCC\n27.99\t49.6\tCH\n0.29\t22.44\tCC\n25.94\t58.03\tCC\n20.71\t43.71\tCC\n21.32\t57.17\tCC\n4.19\t118.82\tCH\n7.67\t39.8\tCC\n29.64\t119.82\tAuto\n24.07\t58.8\tAuto\n25.87\t94.2\tCC\n15.25\t85.9\tCC\n4.58\t20.74\tCH\n6.36\t21.91\tCC\n0.57\t24.46\tAuto\n4.91\t11.42\tCC\n2.2\t12.08\tCC\n26.39\t129.51\tCC\n5.83\t77.44\tAuto\n6.08\t37.04\tAuto\n16.6\t129.91\tCH\n22.43\t64.14\tCC\n28.26\t67.21\tCC\n17.58\t26.44\tCH\n13.56\t158.22\tCC\n10.91\t104.53\tCC\n22.48\t174.09\tAuto\n15.7\t24.67\tCC\n13.72\t25.38\tAuto\n25.0\t35.63\tCC\n25.18\t277.72\tAuto\n3.93\t34.35\tCH\n17.48\t57.11\tCC\n0.0\t1.16\tCH\n0.08\t10.47\tCC\n22.87\t126.68\tCC\n22.82\t86.12\tAuto\n25.79\t151.32\tCH\n20.15\t57.4\tAuto\n21.63\t160.84\tAuto\n6.26\t164.54\tCC\n19.28\t35.69\tAuto\n2.02\t38.8\tCC\n7.94\t73.03\tCH\n14.94\t166.18\tCC\n21.97\t41.85\tCC\n4.97\t29.58\tCC\n11.7\t40.41\tAuto\n0.0\t2.89\tCH\n18.46\t43.89\tCC\n29.18\t145.75\tCH\n27.56\t73.02\tAuto\n10.54\t147.74\tCC\n23.7\t150.67\tAuto\n0.0\t2.21\tCH\n2.0\t46.65\tCH\n20.41\t109.78\tCH\n8.32\t68.09\tCH\n14.27\t63.75\tCC\n22.99\t95.93\tCC\n12.34\t20.1\tAuto\n27.83\t81.72\tCC\n22.24\t94.06\tCC\n14.39\t22.42\tCC\n29.67\t138.37\tCH\n16.39\t52.9\tCC\n26.01\t134.45\tCC\n22.96\t106.53\tCH\n8.74\t31.56\tCC\n21.94\t278.65\tCC\n28.42\t141.91\tCC\n7.7\t55.47\tCC\n14.42\t93.78\tCH\n20.45\t112.72\tAuto\n16.2\t39.32\tCC\n29.55\t92.37\tCH\n17.37\t74.77\tCC\n0.0\t3.22\tCC\n18.97\t123.7\tCC\n0.17\t10.39\tAuto\n15.27\t40.9\tCC\n29.68\t88.77\tCC\n18.94\t44.13\tAuto\n26.4\t44.11\tCC\n0.41\t215.96\tAuto\n23.17\t74.86\tAuto\n4.91\t90.25\tCC\n6.69\t50.29\tCC\n6.7\t53.03\tCC\n27.28\t120.71\tCH\n7.72\t17.11\tCC\n0.0\t2.0\tCH\n26.61\t263.58\tCC\n7.42\t14.86\tCC\n25.03\t87.16\tCH\n20.01\t104.69\tCC\n2.54\t167.31\tCC\n12.89\t66.7\tAuto\n6.9\t142.23\tCC\n0.0\t4.46\tCC\n1.71\t117.85\tAuto\n7.12\t28.07\tCH\n21.68\t42.52\tCC\n25.77\t34.61\tCH\n0.69\t113.42\tCC\n0.0\t3.36\tCH\n24.39\t90.84\tCC\n10.36\t82.53\tCC\n27.39\t78.87\tAuto\n29.73\t70.7\tCC\n20.44\t120.53\tAuto\n7.0\t93.85\tAuto\n19.24\t137.25\tAuto\n17.01\t44.3\tCH\n10.87\t43.31\tAuto\n21.87\t214.41\tCC\n8.65\t94.88\tCH\n20.86\t41.51\tCC\n15.32\t22.06\tCC\n17.49\t123.59\tAuto\n8.58\t46.32\tCH\n11.14\t23.73\tCH\n2.4\t52.91\tAuto\n0.0\t1.46\tCH\n9.9\t27.61\tCC\n5.59\t35.88\tAuto\n29.78\t96.13\tAuto\n27.7\t157.96\tCH\n0.0\t0.97\tAuto\n28.0\t176.61\tCC\n2.84\t27.28\tCH\n22.46\t69.97\tCC\n1.03\t84.42\tCC\n3.76\t16.91\tCC\n20.89\t127.89\tAuto\n30.0\t265.78\tCC\n22.2\t104.63\tCC\n11.72\t17.46\tCC\n40.0\t108.3\tCC\n26.0\t48.08\tAuto\n27.0\t168.28\tCC\n26.0\t65.79\tCC\n33.0\t41.78\tAuto\n33.0\t23.52\tAuto\n37.0\t62.95\tCC\n28.45\t134.75\tCC\n13.96\t110.4\tCC\n21.0\t27.87\tCC\n29.49\t42.74\tCC\n14.0\t102.23\tCH\n6.78\t139.44\tCC\n11.81\t18.18\tCC\n3.67\t29.17\tCC\n14.16\t234.91\tCC\n3.0\t113.68\tCC\n7.0\t73.76\tCC\n8.0\t33.44\tCC\n9.0\t50.48\tAuto\n7.0\t56.23\tCC\n28.11\t45.77\tCC\n12.4\t102.02\tCH\n12.23\t66.45\tCC\n12.86\t31.59\tCC\n2.33\t31.1\tAuto\n5.03\t88.79\tCH\n21.41\t107.38\tCC\n3.01\t40.16\tCH\n20.92\t29.93\tAuto\n3.3\t44.22\tCC\n18.6\t27.57\tCC\n20.83\t142.95\tCH\n21.64\t109.04\tCC\n13.35\t22.11\tCH\n0.49\t15.69\tCC\n28.7\t89.05\tAuto\n24.24\t29.46\tCH\n28.82\t125.87\tCC\n29.93\t70.01\tCC\n29.11\t38.13\tCC\n13.47\t53.7\tCC\n23.5\t34.25\tAuto\n16.14\t142.7\tCC\n16.02\t130.22\tCH\n7.74\t13.96\tCC\n21.33\t108.79\tCC\n0.87\t12.39\tAuto\n18.02\t154.49\tCC\n8.09\t21.83\tCH\n23.56\t229.64\tCC\n29.78\t75.29\tCH\n24.81\t47.25\tCC\n26.13\t59.01\tCC\n5.03\t28.14\tCH\n12.45\t58.87\tCC\n26.52\t58.72\tCC\n20.22\t34.17\tCC\n9.38\t48.35\tCC\n9.65\t15.98\tCC\n17.44\t72.31\tAuto\n22.39\t200.75\tCC\n0.37\t29.04\tCC\n22.17\t36.2\tAuto\n28.92\t74.4\tCH\n26.49\t38.95\tCC\n13.19\t100.28\tCC\n13.32\t78.02\tCC\n11.54\t36.05\tCC\n14.83\t40.49\tCC\n20.95\t36.42\tCC\n4.79\t96.33\tCC\n16.79\t98.1\tCH\n3.28\t15.02\tCC\n11.05\t61.9\tCC\n21.37\t314.62\tCH\n0.0\t2.97\tCC\n12.37\t175.78\tCC\n0.0\t1.34\tCC\n18.31\t77.91\tCC\n20.45\t59.78\tCH\n26.91\t35.96\tAuto\n28.82\t47.1\tCC\n23.76\t73.81\tAuto\n9.57\t125.6\tAuto\n20.97\t43.13\tCC\n11.7\t58.87\tAuto\n14.22\t33.47\tCH\n18.85\t50.63\tAuto\n16.8\t72.89\tCC\n15.59\t39.79\tCH\n8.21\t63.51\tCH\n11.64\t86.61\tAuto\n16.21\t142.37\tCC\n24.7\t97.74\tCH\n9.37\t21.3\tCC\n20.53\t62.42\tCC\n22.86\t47.66\tCC\n1.9\t27.86\tCC\n29.44\t143.5\tCC\n22.38\t62.87\tAuto\n16.04\t32.13\tCC\n3.75\t14.95\tCC\n25.53\t206.46\tCC\n27.97\t86.06\tAuto\n22.79\t43.06\tCC\n29.86\t82.08\tAuto\n27.72\t85.64\tCC\n3.04\t47.99\tCC\n22.15\t57.07\tAuto\n20.59\t134.97\tAuto\n0.0\t0.79\tAuto\n15.54\t29.25\tCC\n2.0\t13.82\tCC\n22.66\t49.86\tCH\n28.52\t190.06\tCC\n6.11\t64.2\tCC\n2.65\t19.73\tAuto\n26.99\t40.0\tCC\n11.63\t137.0\tCC\n11.55\t26.72\tCC\n22.47\t50.58\tAuto\n2.01\t152.76\tAuto\n13.05\t51.41\tCH\n29.92\t38.72\tCH\n0.68\t14.98\tCC\n27.42\t51.14\tCC\n11.96\t37.55\tCC\n16.01\t26.37\tCC\n23.23\t103.88\tAuto\n10.36\t67.61\tCC\n29.43\t40.06\tCC\n9.84\t72.29\tCH\n29.41\t361.88\tCC\n11.72\t40.59\tCC\n11.91\t107.02\tAuto\n21.81\t51.09\tCC\n9.75\t57.67\tCC\n23.28\t191.32\tCC\n27.99\t49.6\tCH\n0.29\t22.44\tCC\n25.94\t58.03\tCC\n20.71\t43.71\tCC\n21.32\t57.17\tCC\n4.19\t118.82\tCH\n29.64\t119.82\tAuto\n24.07\t58.8\tAuto\n25.87\t94.2\tCC\n15.25\t85.9\tCC\n4.58\t20.74\tCC\n6.36\t21.91\tCC\n0.57\t24.46\tAuto\n4.91\t11.42\tCC\n2.2\t12.08\tCC\n26.39\t129.51\tCC\n5.83\t77.44\tAuto\n6.08\t37.04\tAuto\n16.6\t129.91\tCH\n22.43\t64.14\tCC\n28.26\t67.21\tCC\n17.58\t26.44\tCH\n13.56\t158.22\tCC\n10.91\t104.53\tCC\n22.48\t174.09\tAuto\n15.7\t24.67\tCC\n13.72\t25.38\tAuto\n25.0\t35.63\tCC\n25.18\t277.72\tAuto\n3.93\t34.35\tCC\n17.48\t57.11\tCC\n0.0\t1.16\tCH\n0.08\t10.47\tCC\n22.87\t126.68\tCC\n22.82\t86.12\tAuto\n4.98\t270.97\tCC\n25.79\t151.32\tCH\n20.15\t57.4\tAuto\n21.63\t160.84\tAuto\n19.28\t35.69\tAuto\n2.02\t38.8\tCC\n7.94\t73.03\tCH\n14.94\t166.18\tCC\n21.97\t41.85\tCC\n4.97\t29.58\tCC\n11.7\t40.41\tAuto\n0.0\t2.89\tCH\n18.46\t43.89\tCC\n29.18\t145.75\tCH\n27.56\t73.02\tAuto\n10.54\t147.74\tCC\n23.7\t150.67\tAuto\n0.0\t2.21\tCH\n2.0\t46.65\tCH\n20.41\t109.78\tCH\n8.32\t68.09\tCH\n14.27\t63.75\tCC\n22.99\t95.93\tCC\n12.34\t20.1\tAuto\n27.83\t81.72\tCC\n22.24\t94.06\tCC\n14.39\t22.42\tCC\n29.67\t138.37\tCH\n16.39\t52.9\tCC\n26.01\t134.45\tCC\n22.96\t106.53\tCH\n8.74\t31.56\tCC\n21.94\t278.65\tCC\n28.42\t141.91\tCC\n7.7\t55.47\tCC\n14.42\t93.78\tCC\n20.45\t112.72\tAuto\n16.2\t39.32\tCC\n29.55\t92.37\tCH\n1.52\t31.42\tCC\n17.37\t74.77\tCC\n0.0\t3.22\tCC\n18.97\t123.7\tCC\n0.17\t10.39\tAuto\n15.27\t40.9\tCC\n29.68\t88.77\tCC\n18.94\t44.13\tAuto\n26.4\t44.11\tCC\n0.41\t215.96\tAuto\n23.17\t74.86\tAuto\n4.91\t90.25\tCH\n6.69\t50.29\tCC\n6.97\t199.91\tAuto\n6.7\t53.03\tCC\n27.28\t120.71\tCH\n7.72\t17.11\tCC\n0.0\t2.0\tCH\n26.61\t263.58\tCC\n7.42\t14.86\tCC\n25.03\t87.16\tCH\n20.01\t104.69\tCC\n2.54\t167.31\tCC\n12.89\t66.7\tAuto\n6.9\t142.23\tCC\n0.0\t4.46\tCC\n9.13\t63.28\tAuto\n7.12\t28.07\tCH\n21.68\t42.52\tCC\n25.77\t34.61\tCH\n0.69\t113.42\tCC\n0.0\t3.36\tCH\n24.39\t90.84\tCC\n10.36\t82.53\tCC\n27.39\t78.87\tAuto\n29.73\t70.7\tCC\n20.44\t120.53\tAuto\n2.0\t93.85\tAuto\n19.24\t137.25\tAuto\n17.01\t44.3\tCH\n10.87\t43.31\tAuto\n21.87\t214.41\tCC\n8.65\t94.88\tCH\n20.86\t41.51\tCC\n15.32\t22.06\tCC\n17.49\t123.59\tAuto\n8.58\t46.32\tCH\n11.14\t23.73\tCH\n2.4\t52.91\tAuto\n9.9\t27.61\tCC\n5.59\t35.88\tAuto\n29.78\t96.13\tAuto\n27.7\t157.96\tCH\n0.0\t0.97\tAuto\n29.0\t176.61\tCC\n2.84\t27.28\tCH\n22.46\t69.97\tCC\n1.03\t84.42\tCC\n3.76\t16.91\tCC\n20.89\t127.89\tAuto\n30.0\t265.78\tCC\n22.2\t104.63\tCC\n11.72\t17.46\tCC\n40.0\t108.3\tCC\n26.0\t48.08\tAuto\n27.0\t168.28\tCC\n26.0\t65.79\tCC\n33.0\t41.78\tAuto\n33.0\t23.52\tAuto\n37.0\t62.95\tCC\n28.45\t134.75\tCC\n13.96\t110.4\tCC\n21.0\t27.87\tCC\n29.49\t42.74\tCC\n14.0\t102.23\tCH\n6.78\t139.44\tCC\n11.81\t18.18\tCC\n3.67\t29.17\tCC\n14.16\t234.91\tCC\n2.0\t113.68\tCC\n2.0\t73.76\tCC\n2.0\t33.44\tCC\n2.0\t50.48\tAuto\n2.0\t56.23\tCC\n28.11\t45.77\tCC\n12.4\t102.02\tCH\n12.23\t66.45\tCC\n12.86\t31.59\tCC\n2.33\t31.1\tAuto\n5.03\t88.79\tCH\n21.41\t107.38\tCC\n3.01\t40.16\tCH\n20.92\t29.93\tAuto\n3.3\t44.22\tCC\n18.6\t27.57\tCC\n20.83\t142.95\tCH\n21.64\t109.04\tCC\n13.35\t22.11\tCH\n0.49\t15.69\tCC\n28.7\t89.05\tAuto\n24.24\t29.46\tCH\n28.82\t125.87\tCC\n29.93\t70.01\tCC\n0.0\t4.87\tCC\n29.11\t38.13\tCC\n13.47\t53.7\tCC\n23.5\t34.25\tAuto\n16.14\t142.7\tCC\n16.02\t130.22\tCH\n7.74\t13.96\tCC\n21.33\t108.79\tCC\n0.87\t12.39\tCC\n18.02\t154.49\tCC\n8.09\t21.83\tCH\n6.89\t13.63\tCC\n23.56\t229.64\tCC\n29.78\t75.29\tCH\n24.81\t47.25\tCC\n26.13\t59.01\tCC\n5.03\t28.14\tCH\n12.45\t58.87\tCC\n26.52\t58.72\tCC\n20.22\t34.17\tCC\n9.38\t48.35\tCC\n9.65\t15.98\tCC\n17.44\t72.31\tAuto\n22.39\t200.75\tCC\n0.37\t29.04\tCC\n22.17\t36.2\tAuto\n28.92\t74.4\tCH\n26.49\t38.95\tCC\n13.19\t100.28\tCC\n13.32\t78.02\tCC\n11.54\t36.05\tCC\n14.83\t40.49\tCC\n20.95\t36.42\tCC\n4.79\t96.33\tCC\n16.79\t98.1\tCH\n3.28\t15.02\tCC\n12.53\t323.82\tCC\n11.05\t61.9\tCC\n21.37\t314.62\tCH\n0.0\t2.97\tCC\n12.37\t175.78\tCC\n0.0\t1.34\tCC\n18.31\t77.91\tCC\n20.45\t59.78\tCH\n26.91\t35.96\tAuto\n28.82\t47.1\tCC\n23.76\t73.81\tAuto\n9.57\t125.6\tAuto\n20.97\t43.13\tCC\n11.7\t58.87\tAuto\n14.22\t33.47\tCH\n18.85\t50.63\tAuto\n16.8\t72.89\tCC\n15.59\t39.79\tCH\n8.21\t63.51\tCC\n2.91\t28.98\tCC\n11.64\t86.61\tAuto\n16.21\t142.37\tCC\n24.7\t97.74\tCH\n9.37\t21.3\tCC\n20.53\t62.42\tCC\n22.86\t47.66\tCC\n2.15\t93.57\tCC\n29.44\t143.5\tCC\n22.38\t62.87\tAuto\n16.04\t32.13\tCC\n2.0\t14.95\tCC\n25.53\t206.46\tCC\n27.97\t86.06\tAuto\n22.79\t43.06\tCC\n29.86\t82.08\tAuto\n27.72\t85.64\tCC\n3.04\t47.99\tCC\n22.15\t57.07\tAuto\n20.59\t134.97\tAuto\n0.0\t0.79\tAuto\n15.54\t29.25\tCC\n2.0\t13.82\tCC\n22.66\t49.86\tCH\n28.52\t190.06\tCC\n6.11\t64.2\tCC\n7.45\t203.67\tCC\n26.99\t40.0\tCC\n11.63\t137.0\tAuto\n11.55\t26.72\tCC\n22.47\t50.58\tAuto\n2.01\t152.76\tAuto\n13.05\t51.41\tCH\n29.92\t38.72\tCH\n0.68\t14.98\tCC\n27.42\t51.14\tCC\n11.96\t37.55\tCC\n16.01\t26.37\tCC\n23.23\t103.88\tAuto\n10.36\t67.61\tCC\n29.43\t40.06\tCC\n9.84\t72.29\tCH\n29.41\t361.88\tCC\n11.72\t40.59\tCC\n11.91\t107.02\tAuto\n21.81\t51.09\tCC\n9.75\t57.67\tCC\n23.28\t191.32\tCC\n27.99\t49.6\tCH\n0.29\t22.44\tCC\n25.94\t58.03\tCC\n20.71\t43.71\tCC\n21.32\t57.17\tCC\n4.19\t118.82\tCH\n7.67\t39.8\tCC\n29.64\t119.82\tAuto\n24.07\t58.8\tAuto\n25.87\t94.2\tCC\n15.25\t85.9\tCC\n4.58\t20.74\tCC\n6.36\t21.91\tCC\n0.57\t24.46\tAuto\n4.91\t11.42\tCC\n2.2\t12.08\tCC\n26.39\t129.51\tCC\n5.83\t77.44\tAuto\n6.08\t37.04\tAuto\n16.6\t129.91\tCH\n22.43\t64.14\tCC\n28.26\t67.21\tCC\n17.58\t26.44\tCH\n13.56\t158.22\tCC\n10.91\t104.53\tCC\n22.48\t174.09\tAuto\n15.7\t24.67\tCC\n13.72\t25.38\tAuto\n25.0\t35.63\tCC\n25.18\t277.72\tAuto\n3.93\t34.35\tCC\n17.48\t57.11\tCC\n0.0\t1.16\tCH\n18.96\t49.6\tCC\n5.72\t39.36\tCC\n26.57\t51.83\tCC\n0.08\t10.47\tCC\n22.87\t126.68\tCC\n0.0\t0.68\tCC\n22.82\t86.12\tAuto\n0.0\t2.83\tCC\n4.98\t270.97\tCC\n25.79\t151.32\tCH\n20.15\t57.4\tAuto\n19.35\t124.69\tCH\n21.63\t160.84\tAuto\n6.26\t164.54\tCC\n19.28\t35.69\tAuto\n2.02\t38.8\tCC\n7.94\t73.03\tCH\n10.81\t23.87\tCC\n7.37\t131.25\tCC\n14.94\t166.18\tCC\n21.97\t41.85\tCC\n4.97\t29.58\tCC\n1.46\t45.44\tCC\n11.55\t59.73\tCC\n11.7\t40.41\tAuto\n17.37\t74.77\tCC\n0.37\t29.04\tCC\n0.0\t2.89\tCH\n18.46\t43.89\tCC\n29.18\t145.75\tCH\n28.92\t74.4\tCH\n27.56\t73.02\tAuto\n10.54\t147.74\tCC\n23.7\t150.67\tAuto\n0.0\t2.21\tCH\n12.56\t96.04\tCH\n2.0\t46.65\tCH\n20.41\t109.78\tCH\n8.32\t68.09\tCH\n14.27\t63.75\tCC\n21.52\t46.88\tCC\n9.57\t125.6\tAuto\n19.77\t125.05\tCH\n22.99\t95.93\tCC\n21.99\t82.69\tAuto\n29.94\t78.54\tCC\n12.34\t20.1\tAuto\n27.05\t107.41\tCC\n7.99\t103.21\tCH\n5.97\t41.3\tCH\n27.83\t81.72\tCC\n29.3\t143.93\tCC\n22.24\t94.06\tCC\n14.39\t22.42\tCC\n29.67\t138.37\tCH\n19.93\t38.08\tCC\n16.39\t52.9\tCC\n26.01\t134.45\tCC\n22.96\t106.53\tCH\n13.93\t98.76\tCC\n8.74\t31.56\tCC\n21.94\t278.65\tCC\n28.42\t141.91\tCC\n7.7\t55.47\tCC\n14.42\t93.78\tCC\n20.45\t112.72\tAuto\n16.2\t39.32\tCH\n29.55\t92.37\tCH\n1.52\t31.42\tCC\n17.37\t74.77\tCC\n0.0\t3.22\tCC\n18.97\t123.7\tCC\n0.17\t10.39\tAuto\n15.27\t40.9\tCC\n29.68\t88.77\tCC\n18.94\t44.13\tAuto\n26.4\t44.11\tCC\n0.41\t215.96\tAuto\n23.17\t74.86\tAuto\n4.91\t90.25\tCH\n6.69\t50.29\tCC\n6.97\t199.91\tAuto\n6.7\t53.03\tCC\n27.28\t120.71\tCH\n7.72\t17.11\tCC\n0.0\t2.0\tCH\n26.61\t263.58\tCC\n7.42\t14.86\tCC\n25.03\t87.16\tCH\n20.01\t104.69\tCC\n2.54\t167.31\tCC\n12.89\t66.7\tAuto\n6.9\t142.23\tCC\n0.0\t4.46\tCC\n7.12\t28.07\tCH\n21.68\t42.52\tCC\n27.0\t34.61\tCH\n0.69\t113.42\tCC\n0.0\t3.36\tCH\n24.39\t90.84\tCC\n10.36\t82.53\tCC\n27.39\t78.87\tAuto\n29.73\t70.7\tCC\n20.44\t120.53\tAuto\n2.0\t93.85\tAuto\n19.24\t137.25\tAuto\n17.01\t44.3\tCH\n10.87\t43.31\tAuto\n21.87\t214.41\tCC\n8.65\t94.88\tCH\n20.86\t41.51\tCC\n15.32\t22.06\tCC\n17.49\t123.59\tAuto\n8.58\t46.32\tCH\n11.14\t23.73\tCH\n2.4\t52.91\tAuto\n9.9\t27.61\tCC\n5.59\t35.88\tAuto\n29.78\t96.13\tAuto\n27.7\t157.96\tCH\n0.0\t0.97\tAuto\n30.0\t176.61\tCC\n2.84\t27.28\tCH\n22.46\t69.97\tCC\n1.03\t84.42\tCC\n3.76\t16.91\tCC\n20.89\t127.89\tAuto\n37.0\t265.78\tCC\n22.2\t104.63\tCC\n11.72\t17.46\tCC\n32.0\t108.3\tCC\n39.0\t48.08\tAuto\n59.0\t168.28\tCC\n43.0\t65.79\tCC\n39.0\t41.78\tAuto\n14.0\t23.52\tAuto\n59.0\t62.95\tCC\n28.45\t134.75\tCC\n13.96\t110.4\tCC\n21.0\t27.87\tCC\n29.49\t42.74\tCC\n14.0\t102.23\tCH\n6.78\t139.44\tCC\n11.81\t18.18\tCC\n3.67\t29.17\tCC\n14.16\t234.91\tCC\n2.0\t113.68\tCC\n2.0\t73.76\tCC\n2.0\t33.44\tCC\n2.0\t50.48\tAuto\n1.0\t56.23\tCC\n28.11\t45.77\tCC\n12.4\t102.02\tCH\n12.23\t66.45\tCC\n12.86\t31.59\tCC\n2.33\t31.1\tAuto\n5.03\t88.79\tCH\n21.41\t107.38\tCC\n3.01\t40.16\tCH\n20.92\t29.93\tAuto\n3.3\t44.22\tCC\n18.6\t27.57\tCC\n20.83\t142.95\tCH\n21.64\t109.04\tCC\n13.35\t22.11\tCH\n0.49\t15.69\tCC\n28.7\t89.05\tAuto\n24.24\t29.46\tCH\n28.82\t125.87\tCC\n29.93\t70.01\tCC\n29.11\t38.13\tCC\n13.47\t53.7\tCC\n23.5\t34.25\tAuto\n16.14\t142.7\tCC\n16.02\t130.22\tCH\n7.74\t13.96\tCC\n21.33\t108.79\tCC\n0.87\t12.39\tCC\n18.02\t154.49\tCH\n8.09\t21.83\tCH\n23.56\t229.64\tCC\n2.8\t21.39\tCC\n29.78\t75.29\tCH\n24.81\t47.25\tCC\n2.5\t31.45\tCC\n26.13\t59.01\tCC\n5.03\t28.14\tCH\n12.45\t58.87\tCC\n26.52\t58.72\tCC\n20.22\t34.17\tCC\n9.38\t48.35\tCC\n9.65\t15.98\tCC\n17.44\t72.31\tAuto\n22.39\t200.75\tCC\n0.37\t29.04\tCC\n22.17\t36.2\tAuto\n28.92\t74.4\tCH\n26.49\t38.95\tCC\n13.19\t100.28\tCC\n13.32\t78.02\tCC\n11.54\t36.05\tCC\n14.83\t40.49\tCC\n4.79\t96.33\tCC\n16.79\t98.1\tCH\n3.28\t15.02\tCC\n12.53\t323.82\tCC\n11.05\t61.9\tCC\n21.37\t314.62\tCH\n0.0\t2.97\tCC\n12.37\t175.78\tCC\n0.0\t1.34\tCC\n18.31\t77.91\tCC\n20.45\t59.78\tCH\n26.91\t35.96\tAuto\n28.82\t47.1\tCC\n23.76\t73.81\tAuto\n9.57\t125.6\tAuto\n20.97\t43.13\tCC\n11.7\t58.87\tAuto\n14.22\t33.47\tCH\n18.85\t50.63\tAuto\n16.8\t72.89\tCC\n15.59\t39.79\tCH\n8.21\t63.51\tAuto\n11.64\t86.61\tAuto\n16.21\t142.37\tCC\n24.7\t97.74\tCH\n9.37\t21.3\tCC\n20.53\t62.42\tCC\n22.86\t47.66\tCC\n2.15\t93.57\tCC\n29.44\t143.5\tCC\n22.38\t62.87\tAuto\n16.04\t32.13\tCC\n2.0\t14.95\tCC\n25.53\t206.46\tCC\n27.97\t86.06\tAuto\n22.79\t43.06\tCC\n29.86\t82.08\tAuto\n27.72\t85.64\tCC\n3.04\t47.99\tCC\n22.15\t57.07\tAuto\n20.59\t134.97\tAuto\n0.0\t0.79\tAuto\n15.54\t29.25\tCC\n7.0\t13.82\tCC\n22.66\t49.86\tCH\n28.52\t190.06\tCC\n8.36\t47.4\tCC\n6.11\t64.2\tCC\n2.65\t19.73\tAuto\n26.99\t40.0\tCC\n11.63\t137.0\tCH\n11.55\t26.72\tCC\n22.47\t50.58\tAuto\n2.01\t152.76\tAuto\n13.05\t51.41\tCH\n29.92\t38.72\tCH\n0.68\t14.98\tCC\n27.42\t51.14\tCC\n11.96\t37.55\tCC\n16.01\t26.37\tCC\n23.23\t103.88\tAuto\n10.36\t67.61\tCC\n29.43\t40.06\tCC\n9.84\t72.29\tCH\n29.41\t361.88\tCC\n11.72\t40.59\tCC\n11.91\t107.02\tAuto\n21.81\t51.09\tCC\n23.28\t191.32\tCC\n27.99\t49.6\tCH\n0.29\t22.44\tCC\n25.94\t58.03\tCC\n20.71\t43.71\tCC\n21.32\t57.17\tCC\n4.19\t118.82\tCH\n7.67\t39.8\tCC\n29.64\t119.82\tAuto\n24.07\t58.8\tAuto\n25.87\t94.2\tCC\n15.25\t85.9\tCC\n4.58\t20.74\tCC\n6.36\t21.91\tCC\n4.91\t11.42\tCC\n2.2\t12.08\tCC\n26.39\t129.51\tCC\n5.83\t77.44\tAuto\n6.08\t37.04\tAuto\n16.6\t129.91\tCH\n22.43\t64.14\tCC\n28.26\t67.21\tCC\n17.58\t26.44\tCH\n13.56\t158.22\tCC\n10.91\t104.53\tCC\n22.48\t174.09\tAuto\n15.7\t24.67\tCC\n13.72\t25.38\tAuto\n25.0\t35.63\tCC\n25.18\t277.72\tAuto\n3.93\t34.35\tCC\n17.48\t57.11\tCC\n0.0\t1.16\tCH\n5.72\t39.36\tCC\n0.08\t10.47\tCC\n22.87\t126.68\tCC\n25.79\t151.32\tCH\n20.15\t57.4\tAuto\n21.63\t160.84\tAuto\n19.28\t35.69\tAuto\n2.02\t38.8\tCC\n7.94\t73.03\tCH\n14.94\t166.18\tCC\n21.97\t41.85\tCC\n4.97\t29.58\tCC\n11.7\t40.41\tAuto\n0.0\t2.89\tCH\n18.46\t43.89\tCC\n29.18\t145.75\tCH\n10.54\t147.74\tCC\n23.7\t150.67\tAuto\n"
          },
          {
            "type": "HTML",
            "data": "\u003cdiv class\u003d\"result-alert alert-warning\" role\u003d\"alert\"\u003e\u003cbutton type\u003d\"button\" class\u003d\"close\" data-dismiss\u003d\"alert\" aria-label\u003d\"Close\"\u003e\u003cspan aria-hidden\u003d\"true\"\u003e\u0026times;\u003c/span\u003e\u003c/button\u003e\u003cstrong\u003eOutput is truncated\u003c/strong\u003e to 1000 rows. Learn more about \u003cstrong\u003ezeppelin.spark.maxResult\u003c/strong\u003e\u003c/div\u003e"
          }
        ]
      },
      "apps": [],
      "jobName": "paragraph_1530991825062_-540773795",
      "id": "20171228-204103_1157179934",
      "dateCreated": "Jul 7, 2018 7:30:25 PM",
      "dateStarted": "Oct 27, 2019 8:22:01 PM",
      "dateFinished": "Oct 27, 2019 8:22:01 PM",
      "status": "FINISHED",
      "progressUpdateIntervalMs": 500
    },
    {
      "text": "%md\n### Step 5: Build the Spark pipeline and the Random Forest model\n\"Pipeline\" is an API in SparkML that\u0027s used for building models.  Additional information on SparkML: https://spark.apache.org/docs/2.0.2/ml-guide.html",
      "user": "jpatter",
      "dateUpdated": "Oct 27, 2019 8:21:09 PM",
      "config": {
        "tableHide": false,
        "editorSetting": {
          "editOnDblClick": false,
          "language": "scala"
        },
        "colWidth": 12.0,
        "editorMode": "ace/mode/scala",
        "editorHide": true,
        "results": {},
        "enabled": true
      },
      "settings": {
        "params": {},
        "forms": {}
      },
      "results": {
        "code": "SUCCESS",
        "msg": [
          {
            "type": "HTML",
            "data": "\u003cdiv class\u003d\"markdown-body\"\u003e\n\u003ch3\u003eStep 5: Build the Spark pipeline and the Random Forest model\u003c/h3\u003e\n\u003cp\u003e\u0026ldquo;Pipeline\u0026rdquo; is an API in SparkML that\u0026rsquo;s used for building models. Additional information on SparkML: \u003ca href\u003d\"https://spark.apache.org/docs/2.0.2/ml-guide.html\"\u003ehttps://spark.apache.org/docs/2.0.2/ml-guide.html\u003c/a\u003e\u003c/p\u003e\n\u003c/div\u003e"
          }
        ]
      },
      "apps": [],
      "jobName": "paragraph_1530991825064_-543082289",
      "id": "20171216-052742_1853912173",
      "dateCreated": "Jul 7, 2018 7:30:25 PM",
      "dateStarted": "Oct 27, 2019 8:21:09 PM",
      "dateFinished": "Oct 27, 2019 8:21:09 PM",
      "status": "FINISHED",
      "progressUpdateIntervalMs": 500
    },
    {
      "text": "%spark.pyspark\nfrom pyspark.ml.feature import OneHotEncoder, StringIndexer, VectorIndexer, IndexToString\nfrom pyspark.ml import Pipeline\nfrom pyspark.ml.feature import VectorAssembler\nfrom pyspark.ml.classification import RandomForestClassifier\n\n# Prepare string variables so that they can be used by the decision tree algorithm\n# StringIndexer encodes a string column of labels to a column of label indices\nSI1 \u003d StringIndexer(inputCol\u003d\u0027Gender\u0027, outputCol\u003d\u0027GenderEncoded\u0027)\nSI2 \u003d StringIndexer(inputCol\u003d\u0027Status\u0027,outputCol\u003d\u0027StatusEncoded\u0027)\nSI3 \u003d StringIndexer(inputCol\u003d\u0027CarOwner\u0027,outputCol\u003d\u0027CarOwnerEncoded\u0027)\nSI4 \u003d StringIndexer(inputCol\u003d\u0027Paymethod\u0027,outputCol\u003d\u0027PaymethodEncoded\u0027)\nSI5 \u003d StringIndexer(inputCol\u003d\u0027LocalBilltype\u0027,outputCol\u003d\u0027LocalBilltypeEncoded\u0027)\nSI6 \u003d StringIndexer(inputCol\u003d\u0027LongDistanceBilltype\u0027,outputCol\u003d\u0027LongDistanceBilltypeEncoded\u0027)\nlabelIndexer \u003d StringIndexer(inputCol\u003d\u0027CHURN\u0027, outputCol\u003d\u0027label\u0027).fit(data)\n\n\n# Pipelines API requires that input variables are passed in  a vector\nassembler \u003d VectorAssembler(inputCols\u003d[\"GenderEncoded\", \"StatusEncoded\", \"CarOwnerEncoded\", \"PaymethodEncoded\", \"LocalBilltypeEncoded\", \\\n                                       \"LongDistanceBilltypeEncoded\", \"Children\", \"EstIncome\", \"Age\", \"LongDistance\", \"International\", \"Local\",\\\n                                      \"Dropped\",\"Usage\",\"RatePlan\"], outputCol\u003d\"features\")",
      "user": "jpatter",
      "dateUpdated": "Oct 27, 2019 8:21:09 PM",
      "config": {
        "tableHide": false,
        "editorSetting": {
          "editOnDblClick": false,
          "language": "python"
        },
        "colWidth": 12.0,
        "editorMode": "ace/mode/python",
        "editorHide": false,
        "results": {},
        "enabled": true
      },
      "settings": {
        "params": {},
        "forms": {}
      },
      "results": {
        "code": "SUCCESS",
        "msg": []
      },
      "apps": [],
      "jobName": "paragraph_1530991825065_-543467038",
      "id": "20171214-012318_976903634",
      "dateCreated": "Jul 7, 2018 7:30:25 PM",
      "dateStarted": "Oct 27, 2019 8:22:01 PM",
      "dateFinished": "Oct 27, 2019 8:22:04 PM",
      "status": "FINISHED",
      "progressUpdateIntervalMs": 500
    },
    {
      "text": "%spark.pyspark\n# instantiate the algorithm, take the default settings\nrf\u003dRandomForestClassifier(labelCol\u003d\"label\", featuresCol\u003d\"features\")\n\n# Convert indexed labels back to original labels.\nlabelConverter \u003d IndexToString(inputCol\u003d\"prediction\", outputCol\u003d\"predictedLabel\", labels\u003dlabelIndexer.labels)\n\npipeline \u003d Pipeline(stages\u003d[SI1,SI2,SI3,SI4,SI5,SI6,labelIndexer,assembler, rf, labelConverter])\n",
      "user": "jpatter",
      "dateUpdated": "Oct 27, 2019 8:21:09 PM",
      "config": {
        "tableHide": false,
        "editorSetting": {
          "editOnDblClick": false,
          "language": "python"
        },
        "colWidth": 12.0,
        "editorMode": "ace/mode/python",
        "editorHide": false,
        "results": {},
        "enabled": true
      },
      "settings": {
        "params": {},
        "forms": {}
      },
      "results": {
        "code": "SUCCESS",
        "msg": []
      },
      "apps": [],
      "jobName": "paragraph_1530991825065_-543467038",
      "id": "20171214-013012_1971241348",
      "dateCreated": "Jul 7, 2018 7:30:25 PM",
      "dateStarted": "Oct 27, 2019 8:22:02 PM",
      "dateFinished": "Oct 27, 2019 8:22:04 PM",
      "status": "FINISHED",
      "progressUpdateIntervalMs": 500
    },
    {
      "text": "%spark.pyspark\n# Split data into train and test datasets\ntrain, test \u003d data.randomSplit([0.8,0.2], seed\u003d6)\ntrain.cache()\ntest.cache()\n",
      "user": "jpatter",
      "dateUpdated": "Oct 27, 2019 8:21:09 PM",
      "config": {
        "tableHide": false,
        "editorSetting": {
          "editOnDblClick": false,
          "language": "python"
        },
        "colWidth": 12.0,
        "editorMode": "ace/mode/python",
        "editorHide": false,
        "results": {},
        "enabled": true
      },
      "settings": {
        "params": {},
        "forms": {}
      },
      "results": {
        "code": "SUCCESS",
        "msg": [
          {
            "type": "TEXT",
            "data": "DataFrame[ID: int, Gender: string, Status: string, Children: double, EstIncome: double, CarOwner: string, Age: double, LongDistance: double, International: double, Local: double, Dropped: double, Paymethod: string, LocalBilltype: string, LongDistanceBilltype: string, Usage: double, RatePlan: double, CHURN: string]\n"
          }
        ]
      },
      "apps": [],
      "jobName": "paragraph_1530991825065_-543467038",
      "id": "20171214-013037_1711395197",
      "dateCreated": "Jul 7, 2018 7:30:25 PM",
      "dateStarted": "Oct 27, 2019 8:22:04 PM",
      "dateFinished": "Oct 27, 2019 8:22:05 PM",
      "status": "FINISHED",
      "progressUpdateIntervalMs": 500
    },
    {
      "text": "%spark.pyspark\n# Build models\nmodel \u003d pipeline.fit(train)",
      "user": "jpatter",
      "dateUpdated": "Oct 27, 2019 8:21:09 PM",
      "config": {
        "tableHide": false,
        "editorSetting": {
          "editOnDblClick": false,
          "language": "python"
        },
        "colWidth": 12.0,
        "editorMode": "ace/mode/python",
        "editorHide": false,
        "results": {},
        "enabled": true
      },
      "settings": {
        "params": {},
        "forms": {}
      },
      "results": {
        "code": "SUCCESS",
        "msg": []
      },
      "apps": [],
      "jobName": "paragraph_1530991825065_-543467038",
      "id": "20171214-013118_114761329",
      "dateCreated": "Jul 7, 2018 7:30:25 PM",
      "dateStarted": "Oct 27, 2019 8:22:05 PM",
      "dateFinished": "Oct 27, 2019 8:22:15 PM",
      "status": "FINISHED",
      "progressUpdateIntervalMs": 500
    },
    {
      "text": "%md\n### Step 6: Score the test data set",
      "user": "jpatter",
      "dateUpdated": "Oct 27, 2019 8:21:09 PM",
      "config": {
        "tableHide": false,
        "editorSetting": {
          "language": "markdown",
          "editOnDblClick": true
        },
        "colWidth": 12.0,
        "editorMode": "ace/mode/markdown",
        "editorHide": true,
        "results": {},
        "enabled": true
      },
      "settings": {
        "params": {},
        "forms": {}
      },
      "results": {
        "code": "SUCCESS",
        "msg": [
          {
            "type": "HTML",
            "data": "\u003cdiv class\u003d\"markdown-body\"\u003e\n\u003ch3\u003eStep 6: Score the test data set\u003c/h3\u003e\n\u003c/div\u003e"
          }
        ]
      },
      "apps": [],
      "jobName": "paragraph_1530991825066_-542312791",
      "id": "20171216-053132_440220050",
      "dateCreated": "Jul 7, 2018 7:30:25 PM",
      "dateStarted": "Oct 27, 2019 8:21:09 PM",
      "dateFinished": "Oct 27, 2019 8:21:09 PM",
      "status": "FINISHED",
      "progressUpdateIntervalMs": 500
    },
    {
      "text": "%spark.pyspark\nresults \u003d model.transform(test)\nresults\u003dresults.select(results[\"ID\"],results[\"CHURN\"],results[\"label\"],results[\"predictedLabel\"],results[\"prediction\"],results[\"probability\"])\nresults.show(10,False)\n",
      "user": "jpatter",
      "dateUpdated": "Oct 27, 2019 8:21:09 PM",
      "config": {
        "tableHide": true,
        "editorSetting": {
          "editOnDblClick": false,
          "language": "python"
        },
        "colWidth": 12.0,
        "editorMode": "ace/mode/python",
        "editorHide": false,
        "results": {},
        "enabled": true
      },
      "settings": {
        "params": {},
        "forms": {}
      },
      "results": {
        "code": "SUCCESS",
        "msg": [
          {
            "type": "TEXT",
            "data": "+---+-----+-----+--------------+----------+----------------------------------------+\n|ID |CHURN|label|predictedLabel|prediction|probability                             |\n+---+-----+-----+--------------+----------+----------------------------------------+\n|14 |F    |0.0  |F             |0.0       |[0.9343804275553431,0.0656195724446568] |\n|18 |F    |0.0  |T             |1.0       |[0.47533093610133853,0.5246690638986615]|\n|21 |F    |0.0  |F             |0.0       |[0.6618168270275057,0.33818317297249434]|\n|22 |F    |0.0  |F             |0.0       |[0.6235631675645575,0.37643683243544235]|\n|29 |T    |1.0  |T             |1.0       |[0.2834121510813445,0.7165878489186555] |\n|40 |T    |1.0  |T             |1.0       |[0.2614554701025359,0.7385445298974642] |\n|52 |T    |1.0  |F             |0.0       |[0.6046027758031454,0.3953972241968546] |\n|74 |F    |0.0  |F             |0.0       |[0.5040126272541035,0.4959873727458966] |\n|84 |F    |0.0  |F             |0.0       |[0.636773987530171,0.3632260124698289]  |\n|85 |F    |0.0  |F             |0.0       |[0.6623914939989389,0.3376085060010611] |\n+---+-----+-----+--------------+----------+----------------------------------------+\nonly showing top 10 rows\n\n"
          }
        ]
      },
      "apps": [],
      "jobName": "paragraph_1530991825066_-542312791",
      "id": "20171214-013225_491778721",
      "dateCreated": "Jul 7, 2018 7:30:25 PM",
      "dateStarted": "Oct 27, 2019 8:22:05 PM",
      "dateFinished": "Oct 27, 2019 8:22:16 PM",
      "status": "FINISHED",
      "progressUpdateIntervalMs": 500
    },
    {
      "text": "%md\n### Step 7: Model Evaluation\n",
      "user": "jpatter",
      "dateUpdated": "Oct 27, 2019 8:21:10 PM",
      "config": {
        "tableHide": false,
        "editorSetting": {
          "editOnDblClick": true,
          "language": "markdown"
        },
        "colWidth": 12.0,
        "editorMode": "ace/mode/markdown",
        "editorHide": true,
        "results": {},
        "enabled": true
      },
      "settings": {
        "params": {},
        "forms": {}
      },
      "results": {
        "code": "SUCCESS",
        "msg": [
          {
            "type": "HTML",
            "data": "\u003cdiv class\u003d\"markdown-body\"\u003e\n\u003ch3\u003eStep 7: Model Evaluation\u003c/h3\u003e\n\u003c/div\u003e"
          }
        ]
      },
      "apps": [],
      "jobName": "paragraph_1530991825066_-542312791",
      "id": "20171216-053248_2147008432",
      "dateCreated": "Jul 7, 2018 7:30:25 PM",
      "dateStarted": "Oct 27, 2019 8:21:10 PM",
      "dateFinished": "Oct 27, 2019 8:21:10 PM",
      "status": "FINISHED",
      "progressUpdateIntervalMs": 500
    },
    {
      "text": "%spark.pyspark\nprint \u0027Precision model1 \u003d {:.2f}.\u0027.format(results.filter(results.label \u003d\u003d results.prediction).count() / float(results.count()))\n",
      "user": "jpatter",
      "dateUpdated": "Oct 27, 2019 8:21:10 PM",
      "config": {
        "tableHide": true,
        "editorSetting": {
          "editOnDblClick": false,
          "language": "python"
        },
        "colWidth": 12.0,
        "editorMode": "ace/mode/python",
        "editorHide": false,
        "results": {},
        "enabled": true
      },
      "settings": {
        "params": {},
        "forms": {}
      },
      "results": {
        "code": "SUCCESS",
        "msg": [
          {
            "type": "TEXT",
            "data": "Precision model1 \u003d 0.92.\n"
          }
        ]
      },
      "apps": [],
      "jobName": "paragraph_1530991825067_-542697540",
      "id": "20171214-013252_1580569700",
      "dateCreated": "Jul 7, 2018 7:30:25 PM",
      "dateStarted": "Oct 27, 2019 8:22:15 PM",
      "dateFinished": "Oct 27, 2019 8:22:17 PM",
      "status": "FINISHED",
      "progressUpdateIntervalMs": 500
    },
    {
      "text": "%spark.pyspark\nfrom pyspark.ml.evaluation import BinaryClassificationEvaluator\n\n# Evaluate model\nevaluator \u003d BinaryClassificationEvaluator(rawPredictionCol\u003d\"prediction\", labelCol\u003d\"label\", metricName\u003d\"areaUnderROC\")\nprint \u0027Area under ROC curve \u003d {:.2f}.\u0027.format(evaluator.evaluate(results))\n",
      "user": "jpatter",
      "dateUpdated": "Oct 27, 2019 8:21:10 PM",
      "config": {
        "tableHide": true,
        "editorSetting": {
          "editOnDblClick": false,
          "language": "python"
        },
        "colWidth": 12.0,
        "editorMode": "ace/mode/python",
        "editorHide": false,
        "results": {},
        "enabled": true
      },
      "settings": {
        "params": {},
        "forms": {}
      },
      "results": {
        "code": "SUCCESS",
        "msg": [
          {
            "type": "TEXT",
            "data": "Area under ROC curve \u003d 0.92.\n"
          }
        ]
      },
      "apps": [],
      "jobName": "paragraph_1530991825067_-542697540",
      "id": "20171214-013324_1966008016",
      "dateCreated": "Jul 7, 2018 7:30:25 PM",
      "dateStarted": "Oct 27, 2019 8:22:16 PM",
      "dateFinished": "Oct 27, 2019 8:22:18 PM",
      "status": "FINISHED",
      "progressUpdateIntervalMs": 500
    },
    {
      "text": "%md\n### Step 8: Save model in the repository\n**Note: If you wish, change model name**",
      "user": "jpatter",
      "dateUpdated": "Oct 27, 2019 8:21:10 PM",
      "config": {
        "tableHide": false,
        "editorSetting": {
          "editOnDblClick": true,
          "language": "markdown"
        },
        "colWidth": 12.0,
        "editorMode": "ace/mode/markdown",
        "editorHide": true,
        "results": {},
        "enabled": true
      },
      "settings": {
        "params": {},
        "forms": {}
      },
      "results": {
        "code": "SUCCESS",
        "msg": [
          {
            "type": "HTML",
            "data": "\u003cdiv class\u003d\"markdown-body\"\u003e\n\u003ch3\u003eStep 8: Save model in the repository\u003c/h3\u003e\n\u003cp\u003e\u003cstrong\u003eNote: If you wish, change model name\u003c/strong\u003e\u003c/p\u003e\n\u003c/div\u003e"
          }
        ]
      },
      "apps": [],
      "jobName": "paragraph_1530991825067_-542697540",
      "id": "20171229-170420_1250438962",
      "dateCreated": "Jul 7, 2018 7:30:25 PM",
      "dateStarted": "Oct 27, 2019 8:21:10 PM",
      "dateFinished": "Oct 27, 2019 8:21:10 PM",
      "status": "FINISHED",
      "progressUpdateIntervalMs": 500
    },
    {
      "text": "%spark.pyspark\nfrom dsx_ml.ml import save\nmodel_name\u003d\"Telco Churn Zeppelin\"\nsave(model\u003dmodel, name\u003dmodel_name, test_data\u003dtest, algorithm_type\u003d\"Classification\")\n",
      "user": "jpatter",
      "dateUpdated": "Oct 27, 2019 8:21:10 PM",
      "config": {
        "tableHide": false,
        "editorSetting": {
          "editOnDblClick": false,
          "language": "python"
        },
        "colWidth": 12.0,
        "editorMode": "ace/mode/python",
        "results": {},
        "enabled": true
      },
      "settings": {
        "params": {},
        "forms": {}
      },
      "results": {
        "code": "SUCCESS",
        "msg": [
          {
            "type": "TEXT",
            "data": "Using TensorFlow backend.\n{\u0027path\u0027: \u0027/user-home/1002/DSX_Projects/DSX_Demos_Joel/models/Telco Churn Zeppelin/4\u0027, \u0027scoring_endpoint\u0027: \u0027https://dsxl-api/v3/project/score/Python27/spark-2.0/DSX_Demos_Joel/Telco%20Churn%20Zeppelin/4\u0027}\n"
          }
        ]
      },
      "apps": [],
      "jobName": "paragraph_1530991825067_-542697540",
      "id": "20171229-170601_1089145165",
      "dateCreated": "Jul 7, 2018 7:30:25 PM",
      "dateStarted": "Oct 27, 2019 8:22:17 PM",
      "dateFinished": "Oct 27, 2019 8:22:47 PM",
      "status": "FINISHED",
      "progressUpdateIntervalMs": 500
    },
    {
      "text": "%md\n### Step 10: Test Saved Model with Test UI",
      "user": "jpatter",
      "dateUpdated": "Oct 27, 2019 8:21:10 PM",
      "config": {
        "tableHide": false,
        "editorSetting": {
          "editOnDblClick": true,
          "language": "markdown"
        },
        "colWidth": 12.0,
        "editorMode": "ace/mode/markdown",
        "editorHide": true,
        "results": {},
        "enabled": true
      },
      "settings": {
        "params": {},
        "forms": {}
      },
      "results": {
        "code": "SUCCESS",
        "msg": [
          {
            "type": "HTML",
            "data": "\u003cdiv class\u003d\"markdown-body\"\u003e\n\u003ch3\u003eStep 10: Test Saved Model with Test UI\u003c/h3\u003e\n\u003c/div\u003e"
          }
        ]
      },
      "apps": [],
      "jobName": "paragraph_1530991825068_-544621284",
      "id": "20171229-165825_157855583",
      "dateCreated": "Jul 7, 2018 7:30:25 PM",
      "dateStarted": "Oct 27, 2019 8:21:10 PM",
      "dateFinished": "Oct 27, 2019 8:21:10 PM",
      "status": "FINISHED",
      "progressUpdateIntervalMs": 500
    },
    {
      "text": "%md\n1. Save the notebook and switch to the **Models** tab of the project (**hint**: right click the project name link, DSX_Lo, at the top, and open with another tab in your browser). \n2. Under **Models**, find and click into your saved model. \n4. Click the **Test** link to test the model. You can use the following data for testing: \u003cbr/\u003e\n`ID\u003d99, Gender\u003dM, Status\u003dS, Children\u003d0, Est Income\u003d60000, Car Owner\u003dY, Age\u003d34, LongDistance\u003d68, International\u003d50, Local\u003d100, Dropped\u003d0, Paymethod\u003dCC, LocalBilltype\u003dBudget, LongDistanceBilltype\u003dIntnl_discount, Usage\u003d334, RatePlan\u003d3`\n\nThe results of the test is displayed as follows:\u003cbr/\u003e\n\u003cimg style\u003d\"float: left;\" src\u003d\"https://github.com/yfphoon/dsx_local/blob/master/images/Test_Model.png?raw\u003dtrue\" alt\u003d\"Test API\" width\u003d900 /\u003e",
      "user": "jpatter",
      "dateUpdated": "Oct 27, 2019 8:21:10 PM",
      "config": {
        "tableHide": false,
        "editorSetting": {
          "editOnDblClick": true,
          "language": "markdown"
        },
        "colWidth": 12.0,
        "editorMode": "ace/mode/markdown",
        "editorHide": true,
        "results": {},
        "enabled": true
      },
      "settings": {
        "params": {},
        "forms": {}
      },
      "results": {
        "code": "SUCCESS",
        "msg": [
          {
            "type": "HTML",
            "data": "\u003cdiv class\u003d\"markdown-body\"\u003e\n\u003col\u003e\n  \u003cli\u003eSave the notebook and switch to the \u003cstrong\u003eModels\u003c/strong\u003e tab of the project (**hint**: right click the project name link, DSX_Lo, at the top, and open with another tab in your browser).\u003c/li\u003e\n  \u003cli\u003eUnder \u003cstrong\u003eModels\u003c/strong\u003e, find and click into your saved model.\u003c/li\u003e\n  \u003cli\u003eClick the \u003cstrong\u003eTest\u003c/strong\u003e link to test the model. You can use the following data for testing: \u003cbr/\u003e\u003cbr/\u003e\u003ccode\u003eID\u003d99, Gender\u003dM, Status\u003dS, Children\u003d0, Est Income\u003d60000, Car Owner\u003dY, Age\u003d34, LongDistance\u003d68, International\u003d50, Local\u003d100, Dropped\u003d0, Paymethod\u003dCC, LocalBilltype\u003dBudget, LongDistanceBilltype\u003dIntnl_discount, Usage\u003d334, RatePlan\u003d3\u003c/code\u003e\u003c/li\u003e\n\u003c/ol\u003e\n\u003cp\u003eThe results of the test is displayed as follows:\u003cbr/\u003e\u003cbr/\u003e\u003cimg style\u003d\"float: left;\" src\u003d\"https://github.com/yfphoon/dsx_local/blob/master/images/Test_Model.png?raw\u003dtrue\" alt\u003d\"Test API\" width\u003d900 /\u003e\u003c/p\u003e\n\u003c/div\u003e"
          }
        ]
      },
      "apps": [],
      "jobName": "paragraph_1530991825070_-543851786",
      "id": "20171229-170650_1928076166",
      "dateCreated": "Jul 7, 2018 7:30:25 PM",
      "dateStarted": "Oct 27, 2019 8:21:10 PM",
      "dateFinished": "Oct 27, 2019 8:21:10 PM",
      "status": "FINISHED",
      "progressUpdateIntervalMs": 500
    },
    {
      "text": "%md\n**Authors**:\n* Sidney Phoon\n* Rich Tarro\n* Elena Lowery\n\nLast Updated: 28th Dec, 2017",
      "user": "jpatter",
      "dateUpdated": "Oct 27, 2019 8:21:10 PM",
      "config": {
        "tableHide": false,
        "editorSetting": {
          "language": "markdown",
          "editOnDblClick": true
        },
        "colWidth": 12.0,
        "editorMode": "ace/mode/markdown",
        "editorHide": true,
        "results": {},
        "enabled": true
      },
      "settings": {
        "params": {},
        "forms": {}
      },
      "results": {
        "code": "SUCCESS",
        "msg": [
          {
            "type": "HTML",
            "data": "\u003cdiv class\u003d\"markdown-body\"\u003e\n\u003cp\u003e\u003cstrong\u003eAuthors\u003c/strong\u003e:\u003cbr/\u003e* Sidney Phoon\u003cbr/\u003e* Rich Tarro\u003cbr/\u003e* Elena Lowery\u003c/p\u003e\n\u003cp\u003eLast Updated: 28th Dec, 2017\u003c/p\u003e\n\u003c/div\u003e"
          }
        ]
      },
      "apps": [],
      "jobName": "paragraph_1530991825071_-544236535",
      "id": "20171228-001207_2056985975",
      "dateCreated": "Jul 7, 2018 7:30:25 PM",
      "dateStarted": "Oct 27, 2019 8:21:11 PM",
      "dateFinished": "Oct 27, 2019 8:21:11 PM",
      "status": "FINISHED",
      "progressUpdateIntervalMs": 500
    },
    {
      "text": "%md\n",
      "user": "jpatter",
      "dateUpdated": "Oct 27, 2019 8:21:11 PM",
      "config": {
        "tableHide": false,
        "editorSetting": {
          "language": "markdown",
          "editOnDblClick": true
        },
        "colWidth": 12.0,
        "editorMode": "ace/mode/markdown",
        "results": {},
        "enabled": true,
        "editorHide": true
      },
      "settings": {
        "params": {},
        "forms": {}
      },
      "apps": [],
      "jobName": "paragraph_1530991825072_-533848315",
      "id": "20171228-210713_1736472837",
      "dateCreated": "Jul 7, 2018 7:30:25 PM",
      "status": "FINISHED",
      "errorMessage": "",
      "progressUpdateIntervalMs": 500
    }
  ],
  "name": "TelcoChurnZeppelin",
  "id": "2DMPCH7PQ",
  "angularObjects": {
    "2CYSFF4KX:shared_process": [],
    "2CZ7M5Z1U:shared_process": [],
    "2CZN4E536:shared_process": [],
    "2CXMXB6B9:shared_process": [],
    "2CX1UN2AM:shared_process": [],
    "2CVYP86A3:shared_process": [],
    "2CZPMT4AR:shared_process": []
  },
  "config": {},
  "info": {}
}